seed,td,size,threshold,threshold_param,threshold_cross,index,size_trim,size_bisim,size_sim,sim_rels,size_sc1,size_sc1_min,size_sc2,size_sc2_min,max_inter,time_bisim,time_sim,time_sc1,time_sc1_min,time_sc2,time_sc2_min,time_total,cancel
0,1.2,20,adaptiveStep,5000,0,CCL,16,16,,,67,29,,,67,149360,,186780,50450,,,386590,
1,1.2,20,adaptiveStep,5000,0,CCL,20,19,,,142,80,,,142,124720,,449100,99860,,,673680,
4,1.2,20,adaptiveStep,5000,0,CCL,16,15,,,88,49,,,88,97530,,169871,41620,,,309021,
3,1.2,20,adaptiveStep,5000,0,CCL,17,17,,,68,55,,,68,153251,,109091,60970,,,323312,
6,1.2,20,adaptiveStep,5000,0,CCL,17,16,,,154,128,,,154,34780,,122230,39940,,,196950,
8,1.2,20,adaptiveStep,5000,0,CCL,17,16,,,122,62,,,122,44080,,121470,23850,,,189400,
2,1.2,20,adaptiveStep,5000,0,CCL,18,16,,,133,86,,,133,184250,,259841,49849,,,493940,
11,1.2,20,adaptiveStep,5000,0,CCL,19,18,,,143,87,,,143,57430,,125200,29170,,,211800,
10,1.2,20,adaptiveStep,5000,0,CCL,16,15,,,80,54,,,80,65880,,92550,31970,,,190400,
9,1.2,20,adaptiveStep,5000,0,CCL,16,15,,,66,16,,,66,72870,,47560,10090,,,130520,
5,1.2,20,adaptiveStep,5000,0,CCL,19,19,,,304,255,,,304,103970,,479410,124870,,,708250,
12,1.2,20,adaptiveStep,5000,0,CCL,17,17,,,167,133,,,167,56860,,171890,67060,,,295810,
14,1.2,20,adaptiveStep,5000,0,CCL,16,16,,,87,77,,,87,55530,,77520,30200,,,163250,
21,1.2,20,adaptiveStep,5000,0,CCL,17,15,,,49,40,,,49,33450,,36730,13460,,,83640,
15,1.2,20,adaptiveStep,5000,0,CCL,19,18,,,174,76,,,174,48590,,135350,32320,,,216260,
17,1.2,20,adaptiveStep,5000,0,CCL,18,18,,,223,80,,,223,44990,,168450,26190,,,239630,
20,1.2,20,adaptiveStep,5000,0,CCL,19,19,,,131,67,,,131,47520,,103950,26820,,,178290,
22,1.2,20,adaptiveStep,5000,0,CCL,18,18,,,166,122,,,166,43620,,120110,36250,,,199980,
24,1.2,20,adaptiveStep,5000,0,CCL,17,17,,,78,65,,,78,41900,,53850,22011,,,117761,
29,1.2,20,adaptiveStep,5000,0,CCL,17,17,,,73,32,,,73,46550,,57930,16080,,,120560,
19,1.2,20,adaptiveStep,5000,0,CCL,19,19,,,303,203,,,303,50880,,268121,79391,,,398392,
30,1.2,20,adaptiveStep,5000,0,CCL,19,16,,,145,29,,,145,49650,,103869,14660,,,168179,
26,1.2,20,adaptiveStep,5000,0,CCL,16,16,,,171,130,,,171,50100,,139400,52589,,,242089,
25,1.2,20,adaptiveStep,5000,0,CCL,18,18,,,112,61,,,112,79080,,136329,37040,,,252449,
31,1.2,20,adaptiveStep,5000,0,CCL,19,18,,,112,83,,,112,43131,,97311,26591,,,167033,
27,1.2,20,adaptiveStep,5000,0,CCL,18,18,,,278,197,,,278,41670,,208451,55429,,,305550,
23,1.2,20,adaptiveStep,5000,0,CCL,19,18,,,115,98,,,115,100400,,169900,54889,,,325189,
35,1.2,20,adaptiveStep,5000,0,CCL,17,17,,,142,32,,,142,40560,,116371,16000,,,172931,
33,1.2,20,adaptiveStep,5000,0,CCL,19,19,,,226,192,,,226,45811,,174561,52450,,,272822,
37,1.2,20,adaptiveStep,5000,0,CCL,19,17,,,107,83,,,107,42040,,87651,26210,,,155901,
32,1.2,20,adaptiveStep,5000,0,CCL,17,17,,,407,66,,,407,42851,,321751,32950,,,397552,
36,1.2,20,adaptiveStep,5000,0,CCL,17,17,,,164,163,,,164,45509,,154410,49310,,,249229,
38,1.2,20,adaptiveStep,5000,0,CCL,19,18,,,126,37,,,126,70211,,111920,18810,,,200941,
45,1.2,20,adaptiveStep,5000,0,CCL,18,18,,,73,59,,,73,41470,,52890,17480,,,111840,
43,1.2,20,adaptiveStep,5000,0,CCL,18,18,,,164,79,,,164,42080,,116680,26810,,,185570,
47,1.2,20,adaptiveStep,5000,0,CCL,17,16,,,58,53,,,58,38400,,44080,16670,,,99150,
39,1.2,20,adaptiveStep,5000,0,CCL,18,18,,,117,97,,,117,68280,,137160,51150,,,256590,
40,1.2,20,adaptiveStep,5000,0,CCL,18,18,,,258,118,,,258,43040,,185410,40390,,,268840,
48,1.2,20,adaptiveStep,5000,0,CCL,18,15,,,82,44,,,82,38150,,55110,21220,,,114480,
51,1.2,20,adaptiveStep,5000,0,CCL,18,17,,,41,5,,,41,41060,,33490,12440,,,86990,
44,1.2,20,adaptiveStep,5000,0,CCL,17,17,,,147,130,,,147,70170,,154650,44430,,,269250,
46,1.2,20,adaptiveStep,5000,0,CCL,19,19,,,229,217,,,229,43300,,170720,55170,,,269190,
52,1.2,20,adaptiveStep,5000,0,CCL,17,16,,,86,36,,,86,42830,,59710,16750,,,119290,
54,1.2,20,adaptiveStep,5000,0,CCL,19,17,,,95,66,,,95,48110,,64280,23860,,,136250,
56,1.2,20,adaptiveStep,5000,0,CCL,16,16,,,82,57,,,82,36830,,60980,20200,,,118010,
58,1.2,20,adaptiveStep,5000,0,CCL,18,17,,,103,27,,,103,43410,,75430,10640,,,129480,
53,1.2,20,adaptiveStep,5000,0,CCL,18,18,,,259,200,,,259,44660,,189760,54210,,,288630,
59,1.2,20,adaptiveStep,5000,0,CCL,19,19,,,167,140,,,167,43510,,113390,39870,,,196770,
49,1.2,20,adaptiveStep,5000,0,CCL,16,16,,,283,224,,,283,43470,,246690,92630,,,382790,
55,1.2,20,adaptiveStep,5000,0,CCL,18,18,,,252,88,,,252,41500,,182050,33340,,,256890,
64,1.2,20,adaptiveStep,5000,0,CCL,18,17,,,59,7,,,59,46370,,47060,6850,,,100280,
60,1.2,20,adaptiveStep,5000,0,CCL,19,19,,,135,90,,,135,51770,,122050,34120,,,207940,
62,1.2,20,adaptiveStep,5000,0,CCL,19,19,,,134,121,,,134,44990,,95570,30380,,,170940,
61,1.2,20,adaptiveStep,5000,0,CCL,19,19,,,215,94,,,215,45000,,162000,33400,,,240400,
65,1.2,20,adaptiveStep,5000,0,CCL,20,19,,,139,97,,,139,50000,,102090,29620,,,181710,
69,1.2,20,adaptiveStep,5000,0,CCL,17,17,,,82,55,,,82,40450,,54560,18890,,,113900,
71,1.2,20,adaptiveStep,5000,0,CCL,17,17,,,84,82,,,84,38730,,64640,24690,,,128060,
63,1.2,20,adaptiveStep,5000,0,CCL,20,18,,,331,214,,,331,52740,,227370,67481,,,347591,
70,1.2,20,adaptiveStep,5000,0,CCL,19,19,,,120,91,,,120,59130,,103941,34320,,,197391,
72,1.2,20,adaptiveStep,5000,0,CCL,19,18,,,181,114,,,181,41500,,126170,34420,,,202090,
78,1.2,20,adaptiveStep,5000,0,CCL,19,18,,,196,32,,,196,40850,,148331,21180,,,210361,
83,1.2,20,adaptiveStep,5000,0,CCL,17,17,,,111,79,,,111,38500,,79620,23440,,,141560,
74,1.2,20,adaptiveStep,5000,0,CCL,17,17,,,300,198,,,300,36840,,220451,59211,,,316502,
82,1.2,20,adaptiveStep,5000,0,CCL,18,18,,,137,92,,,137,39589,,97180,26691,,,163460,
73,1.2,20,adaptiveStep,5000,0,CCL,18,18,,,288,224,,,288,53150,,259180,72810,,,385140,
85,1.2,20,adaptiveStep,5000,0,CCL,17,17,,,105,68,,,105,36020,,77860,24350,,,138230,
79,1.2,20,adaptiveStep,5000,0,CCL,19,18,,,252,193,,,252,41071,,184571,53750,,,279392,
80,1.2,20,adaptiveStep,5000,0,CCL,19,19,,,312,252,,,312,41331,,227170,67430,,,335931,
84,1.2,20,adaptiveStep,5000,0,CCL,17,17,,,88,32,,,88,46480,,76000,16770,,,139250,
88,1.2,20,adaptiveStep,5000,0,CCL,18,17,,,106,84,,,106,43851,,75200,23670,,,142721,
68,1.2,20,adaptiveStep,5000,0,CCL,17,17,,,736,664,,,736,41320,,496651,160360,,,698331,
91,1.2,20,adaptiveStep,5000,0,CCL,16,16,,,97,83,,,97,38270,,67660,24410,,,130340,
89,1.2,20,adaptiveStep,5000,0,CCL,18,18,,,156,108,,,156,35900,,112570,32020,,,180490,
94,1.2,20,adaptiveStep,5000,0,CCL,19,18,,,95,60,,,95,47720,,64390,20470,,,132580,
90,1.2,20,adaptiveStep,5000,0,CCL,18,18,,,151,103,,,151,40510,,108400,31600,,,180510,
103,1.2,20,adaptiveStep,5000,0,CCL,16,14,,,77,35,,,77,40010,,53360,11800,,,105170,
92,1.2,20,adaptiveStep,5000,0,CCL,16,15,,,129,125,,,129,40360,,114890,39090,,,194340,
96,1.2,20,adaptiveStep,5000,0,CCL,18,18,,,124,91,,,124,40880,,85640,28930,,,155450,
97,1.2,20,adaptiveStep,5000,0,CCL,17,17,,,116,78,,,116,43750,,98950,29780,,,172480,
95,1.2,20,adaptiveStep,5000,0,CCL,19,18,,,310,255,,,310,49160,,207150,67640,,,323950,
111,1.2,20,adaptiveStep,5000,0,CCL,18,17,,,78,48,,,78,39640,,52160,18550,,,110350,
106,1.2,20,adaptiveStep,5000,0,CCL,20,20,,,120,28,,,120,48130,,87830,14150,,,150110,
115,1.2,20,adaptiveStep,5000,0,CCL,17,17,,,67,30,,,67,38790,,45030,13170,,,96990,
105,1.2,20,adaptiveStep,5000,0,CCL,18,17,,,162,17,,,162,46080,,121710,11610,,,179400,
114,1.2,20,adaptiveStep,5000,0,CCL,18,18,,,138,134,,,138,37830,,93270,32420,,,163520,
116,1.2,20,adaptiveStep,5000,0,CCL,18,18,,,115,82,,,115,41300,,85310,24650,,,151260,
118,1.2,20,adaptiveStep,5000,0,CCL,17,17,,,93,76,,,93,38070,,67000,22310,,,127380,
119,1.2,20,adaptiveStep,5000,0,CCL,19,18,,,88,44,,,88,52820,,79400,19720,,,151940,
117,1.2,20,adaptiveStep,5000,0,CCL,19,18,,,137,94,,,137,54150,,110800,37340,,,202290,
124,1.2,20,adaptiveStep,5000,0,CCL,16,16,,,60,51,,,60,37470,,39760,16570,,,93800,
122,1.2,20,adaptiveStep,5000,0,CCL,18,17,,,212,7,,,212,45070,,155370,12190,,,212630,
129,1.2,20,adaptiveStep,5000,0,CCL,19,19,,,113,69,,,113,41240,,85390,22550,,,149180,
123,1.2,20,adaptiveStep,5000,0,CCL,18,18,,,254,29,,,254,42870,,178900,19100,,,240870,
126,1.2,20,adaptiveStep,5000,0,CCL,18,18,,,202,115,,,202,43000,,152380,37990,,,233370,
128,1.2,20,adaptiveStep,5000,0,CCL,18,16,,,258,43,,,258,44170,,183301,20091,,,247562,
130,1.2,20,adaptiveStep,5000,0,CCL,17,16,,,229,200,,,229,35130,,170131,51591,,,256852,
135,1.2,20,adaptiveStep,5000,0,CCL,16,16,,,195,124,,,195,33940,,149630,38400,,,221970,
133,1.2,20,adaptiveStep,5000,0,CCL,18,18,,,205,153,,,205,56220,,178681,53960,,,288861,
132,1.2,20,adaptiveStep,5000,0,CCL,20,20,,,275,109,,,275,57580,,243891,45880,,,347351,
120,1.2,20,adaptiveStep,5000,0,CCL,19,19,,,756,119,,,756,42360,,534940,52321,,,629621,
2,1.2,40,adaptiveStep,5000,0,CCL,35,35,,,1157,166,,,1157,74680,,1008961,82049,,,1165690,
3,1.2,40,adaptiveStep,5000,0,CCL,33,30,,,1311,1062,,,1311,76440,,969961,283021,,,1329422,
5,1.2,40,adaptiveStep,5000,0,CCL,38,38,,,1389,1115,,,1389,83761,,1125751,315660,,,1525172,
7,1.2,40,adaptiveStep,5000,0,CCL,35,32,,,1320,39,,,1320,101370,,1334831,72390,,,1508591,
9,1.2,40,adaptiveStep,5000,0,CCL,37,36,,,1316,1027,,,1316,82700,,1097291,286200,,,1466191,
6,1.2,40,adaptiveStep,5000,0,CCL,37,37,,,1463,940,,,1463,82280,,1260211,304800,,,1647291,
1,1.2,40,adaptiveStep,5000,0,CCL,36,35,,,1751,1330,,,1751,77809,,1487361,383070,,,1948240,
4,1.2,40,adaptiveStep,5000,0,CCL,33,33,,,1767,1083,,,1767,70360,,1513721,355480,,,1939561,
0,1.2,40,adaptiveStep,5000,0,CCL,37,36,,,2008,1610,,,2008,79089,,1695422,468180,,,2242691,
16,1.2,40,adaptiveStep,5000,0,CCL,32,31,,,368,226,,,368,80090,,356081,86809,,,522980,
15,1.2,40,adaptiveStep,5000,0,CCL,34,34,,,820,632,,,820,71150,,681701,170561,,,923412,
8,1.2,40,adaptiveStep,5000,0,CCL,35,33,,,1854,1249,,,1854,102970,,1919752,456391,,,2479113,
12,1.2,40,adaptiveStep,5000,0,CCL,33,30,,,1449,52,,,1449,82240,,1151681,69250,,,1303171,
20,1.2,40,adaptiveStep,5000,0,CCL,34,32,,,829,346,,,829,84880,,682911,130690,,,898481,
23,1.2,40,adaptiveStep,5000,0,CCL,36,33,,,739,368,,,739,86360,,589651,115370,,,791381,
19,1.2,40,adaptiveStep,5000,0,CCL,36,35,,,1169,728,,,1169,80720,,929691,228450,,,1238861,
22,1.2,40,adaptiveStep,5000,0,CCL,33,33,,,1195,981,,,1195,73650,,937791,275180,,,1286621,
25,1.2,40,adaptiveStep,5000,0,CCL,37,35,,,686,389,,,686,74030,,559670,116070,,,749770,
29,1.2,40,adaptiveStep,5000,0,CCL,33,32,,,749,637,,,749,70860,,586781,171271,,,828912,
18,1.2,40,adaptiveStep,5000,0,CCL,34,34,,,2465,81,,,2465,74450,,2049152,113790,,,2237392,
27,1.2,40,adaptiveStep,5000,0,CCL,35,33,,,1014,741,,,1014,93950,,983181,274430,,,1351561,
31,1.2,40,adaptiveStep,5000,0,CCL,35,34,,,1209,900,,,1209,85960,,950041,257060,,,1293061,
24,1.2,40,adaptiveStep,5000,0,CCL,33,30,,,1823,1089,,,1823,94670,,1843741,447271,,,2385682,
37,1.2,40,adaptiveStep,5000,0,CCL,34,33,,,1397,910,,,1397,73850,,1117791,282630,,,1474271,
39,1.2,40,adaptiveStep,5000,0,CCL,35,32,,,1021,48,,,1021,86050,,867561,52630,,,1006241,
33,1.2,40,adaptiveStep,5000,0,CCL,38,36,,,1846,1275,,,1846,95800,,1512132,393970,,,2001902,
47,1.2,40,adaptiveStep,5000,0,CCL,36,34,,,573,415,,,573,75070,,455730,108080,,,638880,
48,1.2,40,adaptiveStep,5000,0,CCL,35,34,,,626,99,,,626,74430,,524201,45509,,,644140,
46,1.2,40,adaptiveStep,5000,0,CCL,36,34,,,746,522,,,746,89320,,612151,151160,,,852631,
36,1.2,40,adaptiveStep,5000,0,CCL,37,36,,,2530,2376,,,2530,78891,,2032762,621941,,,2733594,
30,1.2,40,adaptiveStep,5000,0,CCL,40,40,,,2907,2018,,,2907,89630,,2437302,623771,,,3150703,
38,1.2,40,adaptiveStep,5000,0,CCL,34,33,,,2603,1767,,,2603,67290,,2097411,523631,,,2688332,
55,1.2,40,adaptiveStep,5000,0,CCL,33,32,,,475,325,,,475,84410,,387080,93770,,,565260,
45,1.2,40,adaptiveStep,5000,0,CCL,35,31,,,1684,1264,,,1684,98360,,1677871,435610,,,2211841,
49,1.2,40,adaptiveStep,5000,0,CCL,34,34,,,1123,609,,,1123,73440,,914140,205511,,,1193091,
50,1.2,40,adaptiveStep,5000,0,CCL,38,34,,,1314,970,,,1314,90530,,1035881,265609,,,1392020,
51,1.2,40,adaptiveStep,5000,0,CCL,36,35,,,1383,321,,,1383,86310,,1109601,116661,,,1312572,
53,1.2,40,adaptiveStep,5000,0,CCL,39,39,,,1454,1206,,,1454,85910,,1218231,317320,,,1621461,
44,1.2,40,adaptiveStep,5000,0,CCL,39,39,,,3094,1723,,,3094,92281,,2741311,587350,,,3420942,
56,1.2,40,adaptiveStep,5000,0,CCL,33,33,,,806,498,,,806,69481,,655520,145070,,,870071,
54,1.2,40,adaptiveStep,5000,0,CCL,37,37,,,1701,1215,,,1701,84950,,1400891,347270,,,1833111,
59,1.2,40,adaptiveStep,5000,0,CCL,32,31,,,449,334,,,449,78110,,354560,125810,,,558480,
58,1.2,40,adaptiveStep,5000,0,CCL,34,32,,,998,407,,,998,75669,,853451,157890,,,1087010,
67,1.2,40,adaptiveStep,5000,0,CCL,33,30,,,399,311,,,399,69170,,319290,81701,,,470161,
60,1.2,40,adaptiveStep,5000,0,CCL,33,32,,,1015,643,,,1015,71300,,900550,193880,,,1165730,
61,1.2,40,adaptiveStep,5000,0,CCL,35,31,,,786,345,,,786,86700,,702850,127881,,,917431,
63,1.2,40,adaptiveStep,5000,0,CCL,37,34,,,951,46,,,951,83890,,881801,50870,,,1016561,
68,1.2,40,adaptiveStep,5000,0,CCL,36,35,,,772,485,,,772,80540,,732551,146950,,,960041,
62,1.2,40,adaptiveStep,5000,0,CCL,32,32,,,1176,979,,,1176,71120,,965531,268680,,,1305331,
70,1.2,40,adaptiveStep,5000,0,CCL,32,30,,,442,110,,,442,103940,,366681,41840,,,512461,
57,1.2,40,adaptiveStep,5000,0,CCL,33,31,,,1739,1346,,,1739,94480,,1750572,461820,,,2306872,
72,1.2,40,adaptiveStep,5000,0,CCL,35,33,,,514,403,,,514,74680,,442290,139800,,,656770,
74,1.2,40,adaptiveStep,5000,0,CCL,32,31,,,662,481,,,662,84790,,781081,139890,,,1005761,
83,1.2,40,adaptiveStep,5000,0,CCL,36,33,,,623,6,,,623,86500,,490990,31870,,,609360,
43,1.2,40,adaptiveStep,5000,0,CCL,36,34,,,4778,4364,,,4778,102320,,4702834,1686101,,,6491255,
69,1.2,40,adaptiveStep,5000,0,CCL,37,36,,,1669,1443,,,1669,82250,,1712911,393920,,,2189081,
79,1.2,40,adaptiveStep,5000,0,CCL,33,32,,,702,439,,,702,259280,,633951,165420,,,1058651,
77,1.2,40,adaptiveStep,5000,0,CCL,34,32,,,1337,399,,,1337,85690,,1282921,135910,,,1504521,
84,1.2,40,adaptiveStep,5000,0,CCL,36,34,,,578,300,,,578,73010,,458170,98580,,,629760,
71,1.2,40,adaptiveStep,5000,0,CCL,39,37,,,2512,1637,,,2512,96460,,2347362,514030,,,2957852,
76,1.2,40,adaptiveStep,5000,0,CCL,35,35,,,2144,1595,,,2144,78030,,2080052,457510,,,2615592,
87,1.2,40,adaptiveStep,5000,0,CCL,36,36,,,1141,592,,,1141,76560,,916351,192830,,,1185741,
73,1.2,40,adaptiveStep,5000,0,CCL,33,32,,,2489,1539,,,2489,74360,,2185342,470850,,,2730552,
89,1.2,40,adaptiveStep,5000,0,CCL,35,34,,,1017,682,,,1017,104290,,989891,234430,,,1328611,
91,1.2,40,adaptiveStep,5000,0,CCL,38,34,,,1091,890,,,1091,85909,,859630,233520,,,1179059,
93,1.2,40,adaptiveStep,5000,0,CCL,32,32,,,346,249,,,346,70030,,266730,63160,,,399920,
94,1.2,40,adaptiveStep,5000,0,CCL,34,33,,,481,375,,,481,83570,,377491,91220,,,552281,
100,1.2,40,adaptiveStep,5000,0,CCL,32,29,,,359,230,,,359,74940,,271780,66700,,,413420,
95,1.2,40,adaptiveStep,5000,0,CCL,35,34,,,970,543,,,970,90240,,791331,178050,,,1059621,
90,1.2,40,adaptiveStep,5000,0,CCL,36,34,,,2187,1775,,,2187,84910,,1712322,500750,,,2297982,
92,1.2,40,adaptiveStep,5000,0,CCL,33,30,,,1862,255,,,1862,81370,,1543901,126649,,,1751920,
98,1.2,40,adaptiveStep,5000,0,CCL,37,37,,,1075,796,,,1075,79890,,892591,221391,,,1193872,
99,1.2,40,adaptiveStep,5000,0,CCL,35,31,,,1465,17,,,1465,80510,,1136211,61910,,,1278631,
86,1.2,40,adaptiveStep,5000,0,CCL,35,34,,,2574,1634,,,2574,96350,,2525852,618171,,,3240373,
102,1.2,40,adaptiveStep,5000,0,CCL,35,33,,,896,121,,,896,72240,,742501,60480,,,875221,
96,1.2,40,adaptiveStep,5000,0,CCL,35,33,,,1662,1071,,,1662,90649,,1694261,413850,,,2198760,
110,1.2,40,adaptiveStep,5000,0,CCL,35,29,,,261,172,,,261,82420,,234630,60320,,,377370,
101,1.2,40,adaptiveStep,5000,0,CCL,37,35,,,1237,754,,,1237,79240,,986781,230990,,,1297011,
85,1.2,40,adaptiveStep,5000,0,CCL,36,34,,,3742,2717,,,3742,73700,,3215643,807461,,,4096804,
103,1.2,40,adaptiveStep,5000,0,CCL,36,34,,,1440,316,,,1440,73920,,1182341,128601,,,1384862,
105,1.2,40,adaptiveStep,5000,0,CCL,35,34,,,2098,1566,,,2098,80930,,1705731,463851,,,2250512,
118,1.2,40,adaptiveStep,5000,0,CCL,33,31,,,1318,1008,,,1318,77291,,1017881,261880,,,1357052,
117,1.2,40,adaptiveStep,5000,0,CCL,37,36,,,1286,948,,,1286,93201,,1041240,279141,,,1413582,
116,1.2,40,adaptiveStep,5000,0,CCL,36,33,,,1514,1177,,,1514,73351,,1229112,323341,,,1625804,
114,1.2,40,adaptiveStep,5000,0,CCL,36,33,,,1339,709,,,1339,89311,,1307152,339621,,,1736084,
104,1.2,40,adaptiveStep,5000,0,CCL,36,35,,,2951,205,,,2951,72190,,2540552,159880,,,2772622,
10,1.2,40,adaptiveStep,5000,0,CCL,38,38,,,13137,9435,,,13137,83431,,12384699,3616712,,,16084842,
109,1.2,40,adaptiveStep,5000,0,CCL,36,35,,,3360,1544,,,3360,88580,,2859492,492081,,,3440153,
124,1.2,40,adaptiveStep,5000,0,CCL,35,34,,,1399,87,,,1399,72340,,1155431,76300,,,1304071,
111,1.2,40,adaptiveStep,5000,0,CCL,38,37,,,3214,1828,,,3214,92750,,2758382,628110,,,3479242,
126,1.2,40,adaptiveStep,5000,0,CCL,37,37,,,956,719,,,956,81870,,826641,209730,,,1118241,
119,1.2,40,adaptiveStep,5000,0,CCL,37,35,,,1736,1106,,,1736,89140,,1433581,331790,,,1854511,
122,1.2,40,adaptiveStep,5000,0,CCL,36,35,,,2235,1852,,,2235,89070,,1791461,492460,,,2372991,
115,1.2,40,adaptiveStep,5000,0,CCL,36,34,,,3126,2686,,,3126,102929,,3183462,889821,,,4176212,
132,1.2,40,adaptiveStep,5000,0,CCL,35,34,,,885,639,,,885,73710,,752250,184941,,,1010901,
135,1.2,40,adaptiveStep,5000,0,CCL,38,36,,,1022,613,,,1022,95320,,825791,190450,,,1111561,
125,1.2,40,adaptiveStep,5000,0,CCL,39,36,,,2342,1292,,,2342,98940,,1968951,436331,,,2504222,
131,1.2,40,adaptiveStep,5000,0,CCL,36,35,,,1578,1205,,,1578,87300,,1304701,320190,,,1712191,
2,1.2,60,adaptiveStep,5000,0,CCL,53,48,,,2196,1755,,,2196,111150,,1861172,485590,,,2457912,
128,1.2,40,adaptiveStep,5000,0,CCL,38,35,,,3086,2110,,,3086,91090,,2755802,661740,,,3508632,
7,1.2,60,adaptiveStep,5000,0,CCL,50,48,,,3765,560,,,3765,106720,,3309193,267851,,,3683764,
1,1.2,60,adaptiveStep,5000,0,CCL,53,51,,,4379,3966,,,4379,127350,,3769293,1081391,,,4978034,
123,1.2,40,adaptiveStep,5000,0,CCL,37,35,,,6065,4289,,,6065,72600,,5252754,1353311,,,6678665,
12,1.2,60,adaptiveStep,5000,0,CCL,51,50,,,1817,110,,,1817,103870,,1829222,92100,,,2025192,
3,1.2,60,adaptiveStep,5000,0,CCL,50,44,,,5488,4101,,,5488,117410,,4735563,1381431,,,6234404,
6,1.2,60,adaptiveStep,5000,0,CCL,52,49,,,5822,3050,,,5822,106990,,5345024,1119811,,,6571825,
9,1.2,60,adaptiveStep,5000,0,CCL,54,50,,,5382,2357,,,5382,127540,,4905314,1007801,,,6040655,
13,1.2,60,adaptiveStep,5000,0,CCL,48,44,,,4039,3190,,,4039,116790,,3936473,928711,,,4981974,
18,1.2,60,adaptiveStep,5000,0,CCL,49,49,,,3704,2561,,,3704,106500,,3208503,822941,,,4137944,
11,1.2,60,adaptiveStep,5000,0,CCL,53,48,,,7600,5698,,,7600,121810,,7194306,1857922,,,9174038,
15,1.2,60,adaptiveStep,5000,0,CCL,48,43,,,7123,4235,,,7123,113220,,6564265,1546202,,,8223687,
4,1.2,60,adaptiveStep,5000,0,CCL,54,50,,,10434,8997,,,10434,159880,,10304818,2948753,,,13413451,
16,1.2,60,adaptiveStep,5000,0,CCL,55,52,,,6830,3734,,,6830,116200,,6565165,1473041,,,8154406,
5,1.2,60,adaptiveStep,5000,0,CCL,51,49,,,11493,7320,,,11493,123430,,11359319,3079023,,,14561772,
17,1.2,60,adaptiveStep,5000,0,CCL,53,51,,,8285,62,,,8285,124580,,8123447,305550,,,8553577,
19,1.2,60,adaptiveStep,5000,0,CCL,52,50,,,6090,4827,,,6090,109590,,5270725,1518831,,,6899146,
21,1.2,60,adaptiveStep,5000,0,CCL,50,48,,,4503,3110,,,4503,119730,,3742173,974441,,,4836344,
20,1.2,60,adaptiveStep,5000,0,CCL,56,51,,,6217,4734,,,6217,115220,,5605415,1487461,,,7208096,
32,1.2,60,adaptiveStep,5000,0,CCL,51,49,,,1972,1401,,,1972,93140,,1761081,369640,,,2223861,
8,1.2,60,adaptiveStep,5000,0,CCL,50,47,,,14556,11336,,,14556,116570,,13514571,4663684,,,18294825,
33,1.2,60,adaptiveStep,5000,0,CCL,50,47,,,2317,1504,,,2317,91010,,2013382,426110,,,2530502,
29,1.2,60,adaptiveStep,5000,0,CCL,49,42,,,4530,3601,,,4530,96730,,3585593,1012851,,,4695174,
28,1.2,60,adaptiveStep,5000,0,CCL,54,51,,,4692,3409,,,4692,127130,,4344513,1090271,,,5561914,
26,1.2,60,adaptiveStep,5000,0,CCL,54,49,,,6629,3994,,,6629,123720,,6197094,1525722,,,7846536,
35,1.2,60,adaptiveStep,5000,0,CCL,54,53,,,3063,2038,,,3063,102920,,2543832,628280,,,3275032,
36,1.2,60,adaptiveStep,5000,0,CCL,51,48,,,2950,2100,,,2950,96900,,2313492,594351,,,3004743,
27,1.2,60,adaptiveStep,5000,0,CCL,51,49,,,8037,7089,,,8037,107240,,7060145,2292702,,,9460087,
25,1.2,60,adaptiveStep,5000,0,CCL,57,56,,,11497,8780,,,11497,138180,,9604047,3185463,,,12927690,
40,1.2,60,adaptiveStep,5000,0,CCL,51,49,,,4724,2446,,,4724,99930,,4081564,965941,,,5147435,
45,1.2,60,adaptiveStep,5000,0,CCL,53,52,,,2945,1848,,,2945,118470,,2361222,560350,,,3040042,
42,1.2,60,adaptiveStep,5000,0,CCL,52,50,,,5513,4100,,,5513,102580,,4826914,1325090,,,6254584,
34,1.2,60,adaptiveStep,5000,0,CCL,56,47,,,8520,6994,,,8520,110651,,7565447,2491922,,,10168020,
41,1.2,60,adaptiveStep,5000,0,CCL,56,55,,,6673,4732,,,6673,117991,,5659694,1666421,,,7444106,
38,1.2,60,adaptiveStep,5000,0,CCL,55,51,,,9876,5398,,,9876,119131,,8548676,2312612,,,10980419,
39,1.2,60,adaptiveStep,5000,0,CCL,51,51,,,8962,6804,,,8962,98140,,8155387,2510682,,,10764209,
48,1.2,60,adaptiveStep,5000,0,CCL,53,49,,,2988,1608,,,2988,108800,,2464842,528880,,,3102522,
47,1.2,60,adaptiveStep,5000,0,CCL,52,49,,,4100,3061,,,4100,110500,,3549653,898991,,,4559144,
51,1.2,60,adaptiveStep,5000,0,CCL,54,47,,,2737,2085,,,2737,104470,,2032342,537151,,,2673963,
49,1.2,60,adaptiveStep,5000,0,CCL,50,45,,,4855,3648,,,4855,101270,,4034143,1086381,,,5221794,
44,1.2,60,adaptiveStep,5000,0,CCL,50,48,,,8516,6085,,,8516,106720,,7636746,2258152,,,10001618,
57,1.2,60,adaptiveStep,5000,0,CCL,49,46,,,3217,2343,,,3217,104130,,2729973,654631,,,3488734,
46,1.2,60,adaptiveStep,5000,0,CCL,49,48,,,8460,7104,,,8460,102880,,7582755,2630332,,,10315967,
53,1.2,60,adaptiveStep,5000,0,CCL,50,48,,,6098,347,,,6098,94170,,5494684,285831,,,5874685,
60,1.2,60,adaptiveStep,5000,0,CCL,48,46,,,4729,3642,,,4729,99550,,4118403,1093921,,,5311874,
50,1.2,60,adaptiveStep,5000,0,CCL,53,52,,,8664,6839,,,8664,99941,,7901286,2409092,,,10410319,
61,1.2,60,adaptiveStep,5000,0,CCL,52,52,,,6399,4564,,,6399,99860,,6062375,1587251,,,7749486,
58,1.2,60,adaptiveStep,5000,0,CCL,56,56,,,8630,89,,,8630,109591,,8262496,313391,,,8685478,
62,1.2,60,adaptiveStep,5000,0,CCL,50,48,,,7398,4854,,,7398,98880,,6647836,1750261,,,8496977,
67,1.2,60,adaptiveStep,5000,0,CCL,53,49,,,3820,3141,,,3820,105730,,3123913,867840,,,4097483,
66,1.2,60,adaptiveStep,5000,0,CCL,54,53,,,5593,1237,,,5593,117760,,4890273,500741,,,5508774,
65,1.2,60,adaptiveStep,5000,0,CCL,52,49,,,8800,277,,,8800,93831,,7397835,361940,,,7853606,
68,1.2,60,adaptiveStep,5000,0,CCL,56,53,,,4162,2802,,,4162,103830,,3509832,885991,,,4499653,
71,1.2,60,adaptiveStep,5000,0,CCL,52,48,,,3290,96,,,3290,97290,,2840602,138840,,,3076732,
59,1.2,60,adaptiveStep,5000,0,CCL,55,52,,,15574,665,,,15574,105140,,13637070,678971,,,14421181,
74,1.2,60,adaptiveStep,5000,0,CCL,49,48,,,3171,2582,,,3171,89220,,2533572,645151,,,3267943,
72,1.2,60,adaptiveStep,5000,0,CCL,51,47,,,5505,3516,,,5505,94040,,4376514,1161161,,,5631715,
73,1.2,60,adaptiveStep,5000,0,CCL,50,49,,,5530,4443,,,5530,104260,,4449724,1390341,,,5944325,
77,1.2,60,adaptiveStep,5000,0,CCL,51,46,,,1649,1394,,,1649,99900,,1219081,333580,,,1652561,
70,1.2,60,adaptiveStep,5000,0,CCL,48,47,,,7261,4640,,,7261,107950,,6113045,1572751,,,7793746,
31,1.2,60,adaptiveStep,5000,1,CCL,57,56,,,16095,465,,,16095,105370,,36888729,639131,,,37633230,
69,1.2,60,adaptiveStep,5000,0,CCL,53,53,,,11053,8020,,,11053,99050,,9116497,2860162,,,12075709,
79,1.2,60,adaptiveStep,5000,0,CCL,53,50,,,3873,2552,,,3873,118690,,3204373,750920,,,4073983,
85,1.2,60,adaptiveStep,5000,0,CCL,52,50,,,2150,1667,,,2150,94390,,1644861,439611,,,2178862,
80,1.2,60,adaptiveStep,5000,0,CCL,54,51,,,5773,4579,,,5773,101260,,4921574,1282251,,,6305085,
82,1.2,60,adaptiveStep,5000,0,CCL,50,49,,,5314,4344,,,5314,89701,,4281833,1201651,,,5573185,
75,1.2,60,adaptiveStep,5000,0,CCL,50,50,,,11380,6810,,,11380,90470,,10097368,2591132,,,12778970,
83,1.2,60,adaptiveStep,5000,0,CCL,55,53,,,7527,5551,,,7527,117590,,6187345,1651731,,,7956666,
91,1.2,60,adaptiveStep,5000,0,CCL,49,47,,,3097,2010,,,3097,101780,,2581332,578800,,,3261912,
76,1.2,60,adaptiveStep,5000,0,CCL,57,54,,,14747,10830,,,14747,125760,,11944120,3945203,,,16015083,
84,1.2,60,adaptiveStep,5000,0,CCL,53,51,,,11913,9973,,,11913,111060,,9115567,3106362,,,12332989,
92,1.2,60,adaptiveStep,5000,0,CCL,49,48,,,5109,4380,,,5109,91480,,3917563,1181441,,,5190484,
86,1.2,60,adaptiveStep,5000,0,CCL,50,49,,,11077,9725,,,11077,89920,,9322837,3307033,,,12719790,
88,1.2,60,adaptiveStep,5000,0,CCL,55,55,,,11967,7113,,,11967,105050,,9513538,2938562,,,12557150,
93,1.2,60,adaptiveStep,5000,0,CCL,51,50,,,7640,5736,,,7640,109150,,6066285,1757482,,,7932917,
95,1.2,60,adaptiveStep,5000,0,CCL,50,47,,,7574,411,,,7574,90310,,6166525,339020,,,6595855,
99,1.2,60,adaptiveStep,5000,0,CCL,55,53,,,6010,4652,,,6010,103250,,4790494,1348251,,,6241995,
96,1.2,60,adaptiveStep,5000,0,CCL,57,55,,,8865,5000,,,8865,105511,,7132005,1664691,,,8902207,
24,1.2,60,adaptiveStep,5000,1,CCL,53,52,,,46260,42141,,,46355,115540,,51195471,18233784,,,69544795,
100,1.2,60,adaptiveStep,5000,0,CCL,54,52,,,9200,6155,,,9200,113170,,7190655,2091012,,,9394837,
81,1.2,60,adaptiveStep,5000,1,CCL,54,53,,,16234,1465,,,16234,99160,,30112394,849471,,,31061025,
105,1.2,60,adaptiveStep,5000,0,CCL,52,49,,,2337,1546,,,2337,109190,,1758862,412590,,,2280642,
87,1.2,60,adaptiveStep,5000,1,CCL,53,51,,,17921,14576,,,17921,101460,,23279839,4657403,,,28038702,
104,1.2,60,adaptiveStep,5000,0,CCL,56,52,,,5505,3922,,,5505,104400,,4000783,1113660,,,5218843,
63,1.2,60,adaptiveStep,5000,1,CCL,58,56,,,28120,19558,,,28399,122410,,39930771,9334468,,,49387649,
101,1.2,60,adaptiveStep,5000,0,CCL,55,51,,,15018,649,,,15018,114120,,12635870,677470,,,13427460,
103,1.2,60,adaptiveStep,5000,0,CCL,51,49,,,8442,7373,,,8442,105901,,6601305,2023911,,,8731117,
102,1.2,60,adaptiveStep,5000,0,CCL,51,50,,,10227,7597,,,10227,97890,,8327497,2571572,,,10996959,
113,1.2,60,adaptiveStep,5000,0,CCL,50,47,,,1922,6,,,1922,93761,,1559602,85310,,,1738673,
106,1.2,60,adaptiveStep,5000,0,CCL,51,49,,,6189,4205,,,6189,111150,,5286194,1257081,,,6654425,
108,1.2,60,adaptiveStep,5000,0,CCL,49,47,,,4294,1149,,,4294,95070,,3249693,457640,,,3802403,
116,1.2,60,adaptiveStep,5000,0,CCL,53,48,,,1577,1034,,,1577,106170,,1216311,293740,,,1616221,
112,1.2,60,adaptiveStep,5000,0,CCL,49,47,,,4884,3407,,,4884,96760,,3620253,1005401,,,4722414,
117,1.2,60,adaptiveStep,5000,0,CCL,48,44,,,3353,2395,,,3353,95400,,2607542,698990,,,3401932,
118,1.2,60,adaptiveStep,5000,0,CCL,49,46,,,4338,3812,,,4338,101151,,3240873,940161,,,4282185,
109,1.2,60,adaptiveStep,5000,0,CCL,53,50,,,9615,5543,,,9615,118781,,7424657,1897311,,,9440749,
90,1.2,60,adaptiveStep,5000,1,CCL,56,56,,,16186,376,,,16186,107140,,34877988,642271,,,35627399,
98,1.2,60,adaptiveStep,5000,1,CCL,54,51,,,18871,15234,,,18871,111250,,25763651,5009053,,,30883954,
6,1.2,80,adaptiveStep,5000,0,CCL,66,61,,,14550,241,,,14550,137480,,12957950,565120,,,13660550,
2,1.2,80,adaptiveStep,5000,0,CCL,65,63,,,15978,11859,,,15978,117980,,12962471,4274303,,,17354754,
8,1.2,80,adaptiveStep,5000,0,CCL,71,68,,,13903,9656,,,13903,161360,,13784311,3766093,,,17711764,
107,1.2,60,adaptiveStep,5000,1,CCL,53,52,,,15881,340,,,15881,113660,,30774335,611181,,,31499176,
11,1.2,80,adaptiveStep,5000,0,CCL,68,64,,,6747,188,,,6747,142700,,5982675,273410,,,6398785,
110,1.2,60,adaptiveStep,5000,1,CCL,51,50,,,19987,14984,,,19987,95390,,28870273,5130954,,,34096617,
10,1.2,80,adaptiveStep,5000,0,CCL,65,61,,,10762,8102,,,10762,135751,,8698966,2766362,,,11601079,
1,1.2,80,adaptiveStep,5000,1,CCL,71,68,,,18045,11352,,,18045,148710,,29597834,4760143,,,34506687,
4,1.2,80,adaptiveStep,5000,1,CCL,68,64,,,17180,13434,,,17821,128770,,31033655,5443764,,,36606189,
16,1.2,80,adaptiveStep,5000,0,CCL,67,64,,,9257,7243,,,9257,124920,,7251435,2289852,,,9666207,
13,1.2,80,adaptiveStep,5000,0,CCL,71,69,,,13634,8182,,,13634,137740,,13418401,3279093,,,16835234,
115,1.2,60,adaptiveStep,5000,1,CCL,49,49,,,35688,34232,,,35738,90740,,40823423,12859171,,,53773334,
0,1.2,80,adaptiveStep,5000,1,CCL,67,63,,,30768,26208,,,31018,136191,,39507131,11547449,,,51190771,
9,1.2,80,adaptiveStep,5000,1,CCL,66,65,,,21483,18937,,,21483,129980,,35509988,6954295,,,42594263,
17,1.2,80,adaptiveStep,5000,1,CCL,71,65,,,16062,10471,,,16062,151540,,24790020,3379522,,,28321082,
12,1.2,80,adaptiveStep,5000,1,CCL,71,70,,,28500,25489,,,28704,134890,,41832453,9582318,,,51549661,
18,1.2,80,adaptiveStep,5000,1,CCL,70,66,,,16536,196,,,16536,149860,,36380289,630171,,,37160320,
22,1.2,80,adaptiveStep,5000,1,CCL,73,70,,,19396,18009,,,19712,140440,,34050297,7572926,,,41763663,
24,1.2,80,adaptiveStep,5000,1,CCL,69,65,,,20091,16979,,,20555,151150,,32769797,6399644,,,39320591,
26,1.2,80,adaptiveStep,5000,1,CCL,71,68,,,17840,14075,,,17840,138601,,31600665,5287124,,,37026390,
15,1.2,80,adaptiveStep,5000,1,CCL,68,64,,,43904,39852,,,44130,139591,,53631343,19028535,,,72799469,
33,1.2,80,adaptiveStep,5000,0,CCL,66,62,,,4380,2750,,,4380,147611,,3563012,864811,,,4575434,
27,1.2,80,adaptiveStep,5000,1,CCL,65,62,,,17522,622,,,17522,156280,,41377372,731861,,,42265513,
23,1.2,80,adaptiveStep,5000,1,CCL,71,65,,,40240,36146,,,40504,168570,,50380370,16049762,,,66598702,
31,1.2,80,adaptiveStep,5000,1,CCL,66,63,,,19201,18412,,,19262,126610,,29056513,6690255,,,35873378,
28,1.2,80,adaptiveStep,5000,1,CCL,74,69,,,33512,25583,,,33942,164660,,53366373,11832399,,,65363432,
34,1.2,80,adaptiveStep,5000,1,CCL,68,64,,,25632,22624,,,25982,140680,,41228773,8345936,,,49715389,
14,1.2,80,adaptiveStep,5000,2,CCL,69,64,,,57197,53176,,,58123,129300,,111649469,25253350,,,137032119,
35,1.2,80,adaptiveStep,5000,1,CCL,70,67,,,16140,278,,,16140,153670,,48658029,650990,,,49462689,
42,1.2,80,adaptiveStep,5000,0,CCL,70,63,,,9962,7128,,,9962,147390,,8637747,2299251,,,11084388,
39,1.2,80,adaptiveStep,5000,1,CCL,66,65,,,17325,10590,,,17899,134040,,39741651,4616264,,,44491955,
41,1.2,80,adaptiveStep,5000,1,CCL,71,67,,,18378,12541,,,18378,140060,,29998513,4956764,,,35095337,
47,1.2,80,adaptiveStep,5000,0,CCL,67,62,,,7048,5426,,,7048,143711,,5938405,1657592,,,7739708,
43,1.2,80,adaptiveStep,5000,0,CCL,76,76,,,17400,14269,,,17400,153651,,17433344,5507424,,,23094419,
45,1.2,80,adaptiveStep,5000,1,CCL,67,65,,,18998,13912,,,18998,141010,,112856519,5793885,,,118791414,
25,1.2,80,adaptiveStep,5000,2,CCL,72,70,,,64815,60884,,,65553,170460,,129509173,123120248,,,252799881,
21,1.2,80,adaptiveStep,5000,2,CCL,72,71,,,84941,72923,,,85882,159311,,140226151,131488494,,,271873956,
52,1.2,80,adaptiveStep,5000,0,CCL,69,67,,,10947,7447,,,10947,155810,,10630769,2572302,,,13358881,
30,1.2,80,adaptiveStep,5000,2,CCL,68,65,,,64020,57700,,,64586,149830,,203985902,32114016,,,236249748,
48,1.2,80,adaptiveStep,5000,1,CCL,69,63,,,25150,22702,,,25391,145230,,126183430,8875718,,,135204378,
53,1.2,80,adaptiveStep,5000,0,CCL,67,65,,,10182,7268,,,10182,110460,,8374167,2312131,,,10796758,
32,1.2,80,adaptiveStep,5000,2,CCL,65,60,,,69151,64961,,,69347,139850,,189306381,34171687,,,223617918,
54,1.2,80,adaptiveStep,5000,0,CCL,64,63,,,12840,4227,,,12840,117320,,11177059,1653281,,,12947660,
36,1.2,80,adaptiveStep,5000,2,CCL,70,66,,,60199,56992,,,60787,154170,,199295439,26774911,,,226224520,
49,1.2,80,adaptiveStep,5000,1,CCL,67,64,,,15449,568,,,15449,150620,,158540316,653011,,,159343947,
50,1.2,80,adaptiveStep,5000,1,CCL,66,64,,,17173,724,,,17173,162160,,57541296,759251,,,58462707,
44,1.2,80,adaptiveStep,5000,1,CCL,68,68,,,46853,35709,,,47554,139891,,161620058,19863096,,,181623045,
61,1.2,80,adaptiveStep,5000,0,CCL,70,65,,,5643,3926,,,5643,149931,,4908095,1149052,,,6207078,
63,1.2,80,adaptiveStep,5000,0,CCL,64,62,,,3065,2193,,,3065,126050,,2511412,601551,,,3239013,
56,1.2,80,adaptiveStep,5000,1,CCL,70,67,,,16669,11574,,,16669,153011,,30955494,4511134,,,35619639,
58,1.2,80,adaptiveStep,5000,1,CCL,71,67,,,17229,12480,,,17229,136720,,30222124,4455804,,,34814648,
68,1.2,80,adaptiveStep,5000,0,CCL,72,67,,,13592,7654,,,13592,157510,,14328072,3231832,,,17717414,
66,1.2,80,adaptiveStep,5000,1,CCL,68,62,,,15372,157,,,15372,141650,,30213094,568430,,,30923174,
55,1.2,80,adaptiveStep,5000,1,CCL,70,64,,,36406,30157,,,36877,154050,,50211480,13434271,,,63799801,
74,1.2,80,adaptiveStep,5000,0,CCL,70,63,,,12492,8493,,,12492,151950,,11144209,3071352,,,14367511,
67,1.2,80,adaptiveStep,5000,1,CCL,64,63,,,22953,17239,,,23351,122220,,34505107,7182116,,,41809443,
65,1.2,80,adaptiveStep,5000,1,CCL,69,65,,,30685,24708,,,31165,143460,,43749624,10490879,,,54383963,
60,1.2,80,adaptiveStep,5000,1,CCL,70,69,,,17356,1608,,,17356,162270,,97587158,1018841,,,98768269,
62,1.2,80,adaptiveStep,5000,1,CCL,65,62,,,19371,514,,,19371,139930,,88310160,797011,,,89247101,
71,1.2,80,adaptiveStep,5000,1,CCL,71,68,,,17162,11996,,,17162,137569,,49474100,4119723,,,53731392,
64,1.2,80,adaptiveStep,5000,1,CCL,72,70,,,38575,33221,,,38804,156210,,51636301,35805408,,,87597919,
75,1.2,80,adaptiveStep,5000,0,CCL,69,66,,,17518,13667,,,17518,136300,,37946640,25686580,,,63769520,
80,1.2,80,adaptiveStep,5000,0,CCL,68,66,,,14016,11371,,,14016,144600,,52169932,3819683,,,56134215,
57,1.2,80,adaptiveStep,5000,2,CCL,76,73,,,15711,356,,,16537,161710,,168447113,628511,,,169237334,
79,1.2,80,adaptiveStep,5000,1,CCL,71,67,,,21443,18740,,,21640,133700,,88303930,22939789,,,111377419,
82,1.2,80,adaptiveStep,5000,1,CCL,66,58,,,23608,19631,,,23737,136500,,105311964,27130272,,,132578736,
88,1.2,80,adaptiveStep,5000,0,CCL,67,62,,,11377,377,,,11377,128050,,26456731,482161,,,27066942,
83,1.2,80,adaptiveStep,5000,1,CCL,70,67,,,16812,181,,,16812,134331,,133518286,937771,,,134590388,
77,1.2,80,adaptiveStep,5000,1,CCL,73,68,,,34232,26564,,,34634,152851,,144816846,52007401,,,196977098,
85,1.2,80,adaptiveStep,5000,1,CCL,65,62,,,22552,19686,,,22552,137480,,100114479,8498567,,,108750526,
90,1.2,80,adaptiveStep,5000,0,CCL,67,62,,,14107,9709,,,14107,151620,,28594082,14217462,,,42963164,
92,1.2,80,adaptiveStep,5000,0,CCL,64,62,,,7218,5058,,,7218,168320,,20172635,2322122,,,22663077,
94,1.2,80,adaptiveStep,5000,0,CCL,65,61,,,14710,1179,,,14710,132210,,24362970,812781,,,25307961,
95,1.2,80,adaptiveStep,5000,0,CCL,70,66,,,7433,5183,,,7433,200050,,22271057,14252112,,,36723219,
84,1.2,80,adaptiveStep,5000,1,CCL,74,72,,,34444,30892,,,34638,171201,,153428342,45879756,,,199479299,
96,1.2,80,adaptiveStep,5000,0,CCL,69,67,,,17744,10542,,,17744,133230,,38790581,4119723,,,43043534,
93,1.2,80,adaptiveStep,5000,1,CCL,66,64,,,19320,17250,,,19733,157080,,80478693,19050996,,,99686769,
100,1.2,80,adaptiveStep,5000,0,CCL,70,64,,,7123,5590,,,7123,145320,,16839044,1582231,,,18566595,
89,1.2,80,adaptiveStep,5000,1,CCL,69,62,,,18024,16156,,,18024,209970,,111048308,21470588,,,132728866,
91,1.2,80,adaptiveStep,5000,1,CCL,72,68,,,18311,15233,,,18311,234270,,110494078,21653187,,,132381535,
101,1.2,80,adaptiveStep,5000,0,CCL,66,60,,,10679,8398,,,10679,172160,,21340047,3089703,,,24601910,
87,1.2,80,adaptiveStep,5000,1,CCL,73,70,,,35663,18456,,,36202,166000,,190923102,43488925,,,234578027,
103,1.2,80,adaptiveStep,5000,0,CCL,68,61,,,6791,4381,,,6791,282640,,23497729,2895372,,,26675741,
69,1.2,80,adaptiveStep,5000,2,CCL,72,66,,,51470,45239,,,52325,148420,,285115566,86304659,,,371568645,
108,1.2,80,adaptiveStep,5000,0,CCL,68,67,,,9287,5713,,,9287,165450,,21870517,2366462,,,24402429,
110,1.2,80,adaptiveStep,5000,0,CCL,67,65,,,8328,6150,,,8328,251871,,36886369,3883343,,,41021583,
102,1.2,80,adaptiveStep,5000,1,CCL,70,63,,,28270,26564,,,28330,142420,,68280185,20855367,,,89277972,
116,1.2,80,adaptiveStep,5000,0,CCL,68,61,,,7382,6098,,,7382,268931,,21952018,14309242,,,36530191,
97,1.2,80,adaptiveStep,5000,1,CCL,70,65,,,24640,19106,,,24735,294440,,128467582,26288551,,,155050573,
117,1.2,80,adaptiveStep,5000,0,CCL,69,63,,,10228,8324,,,10228,147660,,18957685,2552412,,,21657757,
115,1.2,80,adaptiveStep,5000,1,CCL,69,63,,,19811,15785,,,20020,178591,,81097764,18713175,,,99989530,
120,1.2,80,adaptiveStep,5000,0,CCL,66,64,,,13077,9791,,,13077,137780,,22848748,14978142,,,37964670,
122,1.2,80,adaptiveStep,5000,0,CCL,65,60,,,2889,628,,,2889,130470,,2228792,243360,,,2602622,
46,1.2,80,adaptiveStep,5000,3,CCL,76,75,,,119814,115517,,,120481,151360,,531395063,152648931,,,684195354,
109,1.2,80,adaptiveStep,5000,1,CCL,66,64,,,16164,314,,,16164,286030,,164417961,1215871,,,165919862,
118,1.2,80,adaptiveStep,5000,1,CCL,69,64,,,17190,14031,,,17190,294280,,89106091,20030456,,,109430827,
99,1.2,80,adaptiveStep,5000,1,CCL,68,61,,,40205,29689,,,40722,290221,,228267821,50122050,,,278680092,
121,1.2,80,adaptiveStep,5000,1,CCL,71,69,,,33729,29307,,,34025,168050,,107273735,23271679,,,130713464,
119,1.2,80,adaptiveStep,5000,1,CCL,71,68,,,26032,21497,,,26326,272090,,168783384,39095291,,,208150765,
78,1.2,80,adaptiveStep,5000,2,CCL,75,74,,,80652,71922,,,81447,21704977,,486995838,132882765,,,641583580,
123,1.2,80,adaptiveStep,5000,2,CCL,69,67,,,54424,47108,,,55537,150821,,234955227,54184043,,,289290091,
104,1.2,80,adaptiveStep,5000,2,CCL,68,66,,,55446,52029,,,55582,257150,,398845267,83869436,,,482971853,
113,1.2,80,adaptiveStep,5000,2,CCL,73,70,,,48145,36649,,,48643,285310,,400159948,60526558,,,460971816,
8,1.2,100,adaptiveStep,5000,1,CCL,86,80,,,29575,27406,,,29803,188370,,85020937,21143307,,,106352614,
1,1.2,100,adaptiveStep,5000,2,CCL,96,90,,,48657,40742,,,48999,429111,,397784086,66274523,,,464487720,
4,1.2,100,adaptiveStep,5000,2,CCL,81,79,,,80491,67115,,,81063,184731,,328621101,66624013,,,395429845,
11,1.2,100,adaptiveStep,5000,1,CCL,90,86,,,33040,23081,,,33672,210929,,119326495,20326376,,,139863800,
3,1.2,100,adaptiveStep,5000,2,CCL,88,85,,,50267,41267,,,50402,11164659,,397612967,64008311,,,472785937,
13,1.2,100,adaptiveStep,5000,2,CCL,82,76,,,49679,44116,,,50016,164470,,220132295,41063373,,,261360138,
17,1.2,100,adaptiveStep,5000,0,CCL,82,72,,,9590,6434,,,9590,171730,,19613266,2229092,,,22014088,
6,1.2,100,adaptiveStep,5000,2,CCL,85,84,,,17340,935,,,17620,347550,,659597904,10779148,,,670724602,
19,1.2,100,adaptiveStep,5000,0,CCL,80,73,,,13760,11339,,,13760,325570,,45606107,17559954,,,63491631,
12,1.2,100,adaptiveStep,5000,2,CCL,85,81,,,53510,48046,,,53701,371930,,404469271,81106925,,,485948126,
0,1.2,100,adaptiveStep,5000,3,CCL,90,84,,,88774,62197,,,90761,269071,,963894936,121885607,,,1086049614,
14,1.2,100,adaptiveStep,5000,3,CCL,90,87,,,107661,98118,,,109098,188940,,545247734,61830669,,,607267343,
16,1.2,100,adaptiveStep,5000,2,CCL,84,79,,,70805,57664,,,72245,349540,,586007526,29457964,,,615815030,
23,1.2,100,adaptiveStep,5000,1,CCL,85,81,,,35257,30757,,,35489,169520,,72920948,12090010,,,85180478,
21,1.2,100,adaptiveStep,5000,2,CCL,87,79,,,55693,51289,,,55798,376150,,214053760,19064785,,,233494695,
20,1.2,100,adaptiveStep,5000,2,CCL,86,81,,,50843,45696,,,52181,328010,,315694322,20164545,,,336186877,
30,1.2,100,adaptiveStep,5000,1,CCL,82,78,,,17514,12898,,,17514,136411,,36620910,3965113,,,40722434,
9,1.2,100,adaptiveStep,5000,3,CCL,89,80,,,123657,107124,,,125023,383290,,900540526,72738228,,,973662044,
22,1.2,100,adaptiveStep,5000,2,CCL,88,84,,,70656,58298,,,72042,10435019,,188892840,28478933,,,227806792,
31,1.2,100,adaptiveStep,5000,2,CCL,88,82,,,54723,53061,,,55242,153050,,115257432,22118017,,,137528499,
27,1.2,100,adaptiveStep,5000,2,CCL,89,84,,,72744,55201,,,74509,152630,,167835254,28522842,,,196510726,
36,1.2,100,adaptiveStep,5000,1,CCL,89,82,,,21982,20305,,,21982,152080,,28106782,7167246,,,35426108,
32,1.2,100,adaptiveStep,5000,2,CCL,88,83,,,76292,66284,,,77526,149230,,134391316,31772825,,,166313371,
2,1.2,100,adaptiveStep,5000,4,CCL,86,84,,,170400,164560,,,171803,391050,,1328434116,84279276,,,1413104442,
24,1.2,100,adaptiveStep,5000,3,CCL,90,83,,,95761,85747,,,98125,203220,,283512045,41677933,,,325393198,
7,1.2,100,adaptiveStep,5000,4,CCL,88,87,,,133548,114033,,,140168,363090,,1240444516,59263467,,,1300071073,
10,1.2,100,adaptiveStep,5000,4,CCL,88,87,,,166388,158053,,,167673,368840,,1079858038,77867692,,,1158094570,
34,1.2,100,adaptiveStep,5000,2,CCL,83,76,,,57631,52860,,,58004,141930,,106874985,20451676,,,127468591,
45,1.2,100,adaptiveStep,5000,1,CCL,86,81,,,23092,17966,,,23456,143480,,43471265,6883216,,,50497961,
29,1.2,100,adaptiveStep,5000,3,CCL,86,84,,,116963,111061,,,117734,133950,,284157896,51168741,,,335460587,
33,1.2,100,adaptiveStep,5000,3,CCL,86,81,,,86340,64364,,,87557,143710,,226248640,27672202,,,254064552,
42,1.2,100,adaptiveStep,5000,2,CCL,84,76,,,47496,39398,,,47781,132130,,98086118,15242002,,,113460250,
47,1.2,100,adaptiveStep,5000,1,CCL,84,76,,,32535,29163,,,32801,138331,,38478770,11225029,,,49842130,
50,1.2,100,adaptiveStep,5000,1,CCL,89,83,,,32250,29154,,,32495,151270,,42421484,10698608,,,53271362,
43,1.2,100,adaptiveStep,5000,2,CCL,81,76,,,51936,50122,,,52545,121930,,109424527,21126167,,,130672624,
39,1.2,100,adaptiveStep,5000,2,CCL,86,79,,,70473,49010,,,73010,183340,,166215622,30308304,,,196707266,
52,1.2,100,adaptiveStep,5000,1,CCL,85,83,,,16962,684,,,16962,140790,,72849627,616670,,,73607087,
53,1.2,100,adaptiveStep,5000,2,CCL,87,82,,,69793,63845,,,70372,144520,,110455068,26605901,,,137205489,
51,1.2,100,adaptiveStep,5000,2,CCL,82,74,,,76990,58898,,,79223,133351,,153363033,29524954,,,183021338,
57,1.2,100,adaptiveStep,5000,2,CCL,89,86,,,77612,25744,,,77975,197090,,110252678,11315208,,,121764976,
41,1.2,100,adaptiveStep,5000,3,CCL,89,86,,,135252,129324,,,135421,159640,,264775141,63261611,,,328196392,
61,1.2,100,adaptiveStep,5000,1,CCL,88,80,,,19989,14058,,,19989,145050,,25839150,4557554,,,30541754,
46,1.2,100,adaptiveStep,5000,3,CCL,85,81,,,113436,99234,,,115639,146960,,251947620,45660586,,,297755166,
18,1.2,100,adaptiveStep,5000,5,CCL,87,83,,,221396,204259,,,223436,208490,,930386259,96597746,,,1027192495,
60,1.2,100,adaptiveStep,5000,2,CCL,86,80,,,46140,38086,,,46527,129080,,79229023,14503192,,,93861295,
49,1.2,100,adaptiveStep,5000,3,CCL,86,84,,,138117,127209,,,139113,131370,,245594485,58298887,,,304024742,
59,1.2,100,adaptiveStep,5000,2,CCL,91,84,,,74690,70073,,,74910,155810,,100255880,27684552,,,128096242,
62,1.2,100,adaptiveStep,5000,2,CCL,88,77,,,48982,42196,,,49211,144110,,81310705,15223072,,,96677887,
58,1.2,100,adaptiveStep,5000,3,CCL,86,80,,,89187,76404,,,90387,141480,,184931797,35288988,,,220362265,
70,1.2,100,adaptiveStep,5000,1,CCL,89,83,,,22159,16037,,,22703,148700,,32645036,6420595,,,39214331,
72,1.2,100,adaptiveStep,5000,0,CCL,85,80,,,9731,6190,,,9731,136730,,6865215,2227602,,,9229547,
65,1.2,100,adaptiveStep,5000,2,CCL,82,75,,,45900,32728,,,46684,126229,,95401106,14358342,,,109885677,
63,1.2,100,adaptiveStep,5000,2,CCL,89,83,,,85010,74619,,,85669,138141,,121488996,34309737,,,155936874,
68,1.2,100,adaptiveStep,5000,2,CCL,92,87,,,64735,55877,,,65570,158010,,107218695,23825339,,,131202044,
55,1.2,100,adaptiveStep,5000,3,CCL,84,81,,,33257,8986,,,35983,144970,,370531665,3519192,,,374195827,
69,1.2,100,adaptiveStep,5000,2,CCL,88,83,,,60489,55384,,,61289,149660,,102886622,22170438,,,125206720,
74,1.2,100,adaptiveStep,5000,1,CCL,88,82,,,45859,37978,,,46098,148870,,55510344,15782023,,,71441237,
79,1.2,100,adaptiveStep,5000,1,CCL,84,79,,,19175,17254,,,19175,127310,,25145920,5922245,,,31195475,
67,1.2,100,adaptiveStep,5000,2,CCL,91,87,,,94365,88155,,,94635,141450,,144361555,42436284,,,186939289,
73,1.2,100,adaptiveStep,5000,2,CCL,84,82,,,56767,48164,,,57070,177670,,96030917,18371304,,,114579891,
64,1.2,100,adaptiveStep,5000,3,CCL,88,84,,,96649,88444,,,97380,150300,,205244944,40197642,,,245592886,
82,1.2,100,adaptiveStep,5000,1,CCL,84,76,,,23905,19937,,,24132,136490,,28431532,7309946,,,35877968,
83,1.2,100,adaptiveStep,5000,1,CCL,80,74,,,49367,46945,,,49399,126820,,47933869,16828153,,,64888842,
75,1.2,100,adaptiveStep,5000,2,CCL,94,93,,,92123,82473,,,93128,147590,,130251813,35602758,,,166002161,
84,1.2,100,adaptiveStep,5000,1,CCL,81,74,,,32342,27657,,,32553,128450,,39668182,10442808,,,50239440,
77,1.2,100,adaptiveStep,5000,2,CCL,88,84,,,77998,72636,,,78399,159110,,110177078,29582933,,,139919121,
86,1.2,100,adaptiveStep,5000,2,CCL,86,83,,,56427,47571,,,57410,149640,,151191071,23119418,,,174460129,
90,1.2,100,adaptiveStep,5000,1,CCL,87,83,,,15624,231,,,15624,136410,,117374804,487350,,,117998564,
81,1.2,100,adaptiveStep,5000,2,CCL,92,89,,,93171,80277,,,94092,158380,,191027632,43730865,,,234916877,
87,1.2,100,adaptiveStep,5000,2,CCL,87,81,,,50819,40134,,,51172,154471,,144747035,32787016,,,177688522,
44,1.2,100,adaptiveStep,5000,4,CCL,90,87,,,55766,18339,,,62380,137640,,809128023,9250707,,,818516370,
80,1.2,100,adaptiveStep,5000,3,CCL,90,86,,,99250,88027,,,100652,152240,,278976712,44745086,,,323874038,
93,1.2,100,adaptiveStep,5000,1,CCL,93,86,,,40644,38258,,,40702,249010,,68404255,15653073,,,84306338,
89,1.2,100,adaptiveStep,5000,2,CCL,91,87,,,85845,77428,,,86167,153060,,203916662,36394679,,,240464401,
91,1.2,100,adaptiveStep,5000,2,CCL,91,87,,,41929,36462,,,42748,147651,,121695346,37953070,,,159796067,
92,1.2,100,adaptiveStep,5000,2,CCL,87,84,,,17245,2863,,,17781,156970,,215607501,1440281,,,217204752,
97,1.2,100,adaptiveStep,5000,1,CCL,89,84,,,17065,425,,,17065,205030,,116621583,581721,,,117408334,
94,1.2,100,adaptiveStep,5000,2,CCL,83,82,,,53400,45634,,,53717,221850,,150659420,53703752,,,204585022,
98,1.2,100,adaptiveStep,5000,1,CCL,82,78,,,35126,28333,,,35877,175910,,129649014,29587323,,,159412247,
96,1.2,100,adaptiveStep,5000,2,CCL,87,80,,,17098,3604,,,18180,190180,,266047792,3025652,,,269263624,
101,1.2,100,adaptiveStep,5000,1,CCL,82,80,,,14969,2338,,,14969,191321,,163403590,2152292,,,165747203,
88,1.2,100,adaptiveStep,5000,3,CCL,88,86,,,89281,76073,,,92513,147509,,430210242,101403570,,,531761321,
106,1.2,100,adaptiveStep,5000,1,CCL,86,79,,,21306,19867,,,21306,163340,,124554009,25396120,,,150113469,
103,1.2,100,adaptiveStep,5000,1,CCL,87,81,,,16073,4569,,,16073,152660,,261799538,3953873,,,265906071,
107,1.2,100,adaptiveStep,5000,1,CCL,81,79,,,22196,16897,,,23232,348831,,172521127,24417270,,,197287228,
105,1.2,100,adaptiveStep,5000,1,CCL,85,77,,,46011,40132,,,46165,187250,,259942577,68707994,,,328837821,
109,1.2,100,adaptiveStep,5000,2,CCL,87,83,,,16338,1399,,,16739,189290,,277445411,991161,,,278625862,
115,1.2,100,adaptiveStep,5000,1,CCL,84,81,,,16018,1120,,,16018,198570,,89244711,792700,,,90235981,
114,1.2,100,adaptiveStep,5000,1,CCL,94,84,,,32530,24088,,,32976,410910,,214032810,43260434,,,257704154,
95,1.2,100,adaptiveStep,5000,3,CCL,83,81,,,109799,103969,,,110723,194220,,669041682,170536206,,,839772108,
110,1.2,100,adaptiveStep,5000,2,CCL,89,83,,,52135,45912,,,52390,391101,,407435294,66700073,,,474526468,
111,1.2,100,adaptiveStep,5000,2,CCL,84,77,,,49334,39399,,,49851,359450,,403494150,62352299,,,466205899,
71,1.2,100,adaptiveStep,5000,4,CCL,89,85,,,246586,239638,,,247349,156500,,879302029,452690020,,,1332148549,
108,1.2,100,adaptiveStep,5000,2,CCL,89,85,,,43096,1723,,,43624,11945539,,667275951,3880693,,,683102183,
116,1.2,100,adaptiveStep,5000,2,CCL,90,87,,,94669,83985,,,95495,204170,,335741338,56217125,,,392162633,
118,1.2,100,adaptiveStep,5000,2,CCL,82,79,,,54678,44098,,,55932,365930,,343825844,19720025,,,363911799,
5,1.2,120,adaptiveStep,5000,2,CCL,99,91,,,45045,35651,,,45277,3859493,,132531016,12927240,,,149317749,
7,1.2,120,adaptiveStep,5000,2,CCL,105,101,,,16938,319,,,16938,183190,,154037362,568661,,,154789213,
6,1.2,120,adaptiveStep,5000,3,CCL,102,93,,,20131,268,,,21469,176340,,206628514,774280,,,207579134,
3,1.2,120,adaptiveStep,5000,3,CCL,100,97,,,120505,106651,,,122370,227100,,371065555,49547579,,,420840234,
113,1.2,100,adaptiveStep,5000,4,CCL,92,88,,,171931,167307,,,172518,415050,,820915893,85952838,,,907283781,
11,1.2,120,adaptiveStep,5000,2,CCL,103,101,,,91320,80290,,,92007,180850,,135519988,72446417,,,208147255,
119,1.2,100,adaptiveStep,5000,4,CCL,88,83,,,132933,111707,,,137268,395450,,644570423,99634649,,,744600522,
0,1.2,120,adaptiveStep,5000,4,CCL,105,100,,,168964,155230,,,170072,411181,,629854801,115935892,,,746201874,
13,1.2,120,adaptiveStep,5000,2,CCL,108,102,,,79225,66417,,,80219,190381,,169898104,37288039,,,207376524,
1,1.2,120,adaptiveStep,5000,4,CCL,100,97,,,196279,177482,,,198434,476200,,663712168,106155234,,,770343602,
18,1.2,120,adaptiveStep,5000,1,CCL,98,89,,,41632,36675,,,42009,164880,,53421833,15417212,,,69003925,
16,1.2,120,adaptiveStep,5000,2,CCL,103,96,,,61171,57453,,,61243,200060,,99435899,24203709,,,123839668,
14,1.2,120,adaptiveStep,5000,2,CCL,103,98,,,91230,68322,,,92575,182501,,158417406,37004429,,,195604336,
10,1.2,120,adaptiveStep,5000,4,CCL,101,94,,,148629,130224,,,150677,204340,,442271202,181396473,,,623872015,
19,1.2,120,adaptiveStep,5000,3,CCL,107,95,,,102071,88499,,,102872,201010,,319314164,36488389,,,356003563,
9,1.2,120,adaptiveStep,5000,4,CCL,104,100,,,196120,185750,,,197540,162710,,665053829,126491980,,,791708519,
24,1.2,120,adaptiveStep,5000,3,CCL,103,98,,,113281,102864,,,114245,176511,,364693749,56295914,,,421166174,
28,1.2,120,adaptiveStep,5000,2,CCL,101,93,,,71894,63259,,,72482,251021,,150210369,67057374,,,217518764,
27,1.2,120,adaptiveStep,5000,3,CCL,103,93,,,130047,120104,,,130773,168471,,327693510,58655487,,,386517468,
29,1.2,120,adaptiveStep,5000,2,CCL,102,96,,,56463,46240,,,57891,259940,,173387558,22691508,,,196339006,
30,1.2,120,adaptiveStep,5000,1,CCL,101,93,,,17533,347,,,17533,184570,,63095050,806491,,,64086111,
20,1.2,120,adaptiveStep,5000,4,CCL,102,96,,,188383,173248,,,191380,175830,,692437111,109847507,,,802460448,
22,1.2,120,adaptiveStep,5000,4,CCL,102,96,,,210540,204791,,,211491,171681,,647098854,123982749,,,771253284,
8,1.2,120,adaptiveStep,5000,5,CCL,106,99,,,325503,310881,,,327997,161480,,1128960038,228368622,,,1357490140,
100,1.2,100,adaptiveStep,5000,6,CCL,87,83,,,282204,255190,,,290098,170020,,2252930431,199697369,,,2452797820,
33,1.2,120,adaptiveStep,5000,3,CCL,108,102,,,20403,2163,,,22238,274630,,351073590,1158591,,,352506811,
37,1.2,120,adaptiveStep,5000,2,CCL,101,98,,,57836,47131,,,59200,223900,,211538439,47294217,,,259056556,
35,1.2,120,adaptiveStep,5000,3,CCL,97,94,,,78632,59212,,,80626,258831,,313651970,51988841,,,365899642,
26,1.2,120,adaptiveStep,5000,4,CCL,104,102,,,216835,193584,,,218169,163810,,668660022,154006062,,,822829894,
45,1.2,120,adaptiveStep,5000,1,CCL,97,88,,,17041,924,,,17041,161740,,112685710,662341,,,113509791,
78,1.2,100,adaptiveStep,5000,7,CCL,94,92,,,391268,364831,,,395786,160000,,2953705248,397699596,,,3351564844,
39,1.2,120,adaptiveStep,5000,4,CCL,106,94,,,180486,165069,,,183772,262270,,656468522,81543645,,,738274437,
40,1.2,120,adaptiveStep,5000,4,CCL,106,103,,,193325,156883,,,196530,279490,,709543855,141627662,,,851451007,
21,1.2,120,adaptiveStep,5000,6,CCL,107,105,,,276690,258644,,,285128,241341,,1556407887,199181488,,,1755830716,
46,1.2,120,adaptiveStep,5000,4,CCL,108,103,,,178234,162696,,,181502,339310,,522417955,134434267,,,657191532,
48,1.2,120,adaptiveStep,5000,4,CCL,97,94,,,155482,135670,,,159764,167990,,624610867,83642117,,,708420974,
41,1.2,120,adaptiveStep,5000,5,CCL,102,98,,,210623,185166,,,217564,178030,,991208478,111564298,,,1102950806,
54,1.2,120,adaptiveStep,5000,3,CCL,110,102,,,32677,3578,,,35226,188190,,426473199,2546702,,,429208091,
55,1.2,120,adaptiveStep,5000,2,CCL,100,94,,,16615,1495,,,17338,220681,,154051522,1030671,,,155302874,
38,1.2,120,adaptiveStep,5000,6,CCL,99,94,,,300429,268859,,,303316,222910,,1422460711,166071992,,,1588755613,
53,1.2,120,adaptiveStep,5000,4,CCL,106,101,,,118006,88771,,,123900,184249,,603788831,54966743,,,658939823,
31,1.2,120,adaptiveStep,5000,6,CCL,103,99,,,261005,225087,,,269911,159750,,1604043385,135318738,,,1739521873,
57,1.2,120,adaptiveStep,5000,3,CCL,103,97,,,77296,56987,,,78876,260970,,297933677,27204821,,,325399468,
59,1.2,120,adaptiveStep,5000,2,CCL,101,95,,,47390,39173,,,47600,250370,,149858259,14645422,,,164754051,
61,1.2,120,adaptiveStep,5000,2,CCL,97,89,,,44338,30569,,,44892,240240,,131496534,13537311,,,145274085,
62,1.2,120,adaptiveStep,5000,2,CCL,99,93,,,99943,92408,,,100357,169770,,173127077,48091818,,,221388665,
49,1.2,120,adaptiveStep,5000,5,CCL,107,100,,,279593,255695,,,283417,160030,,1032353441,163606110,,,1196119581,
63,1.2,120,adaptiveStep,5000,3,CCL,103,98,,,113558,104765,,,115013,184790,,299057748,58263846,,,357506384,
67,1.2,120,adaptiveStep,5000,2,CCL,104,99,,,78943,70197,,,79417,267740,,169267214,77232162,,,246767116,
60,1.2,120,adaptiveStep,5000,4,CCL,109,106,,,143442,121234,,,144721,240940,,515034239,110994799,,,626269978,
51,1.2,120,adaptiveStep,5000,5,CCL,105,97,,,258932,218107,,,263105,206130,,1133025960,219592535,,,1352824625,
43,1.2,120,adaptiveStep,5000,6,CCL,97,94,,,401564,377312,,,406366,158000,,1650367082,407119463,,,2057644545,
69,1.2,120,adaptiveStep,5000,1,CCL,96,85,,,44855,38281,,,45064,155580,,81741395,13882261,,,95779236,
72,1.2,120,adaptiveStep,5000,1,CCL,103,97,,,27948,20548,,,28530,188050,,61780149,8095957,,,70064156,
70,1.2,120,adaptiveStep,5000,2,CCL,100,92,,,55365,45666,,,55744,161970,,154996923,19177604,,,174336497,
56,1.2,120,adaptiveStep,5000,5,CCL,107,99,,,222420,207600,,,226843,267500,,967995199,132614756,,,1100877455,
73,1.2,120,adaptiveStep,5000,3,CCL,103,96,,,108627,96364,,,110271,181200,,268277063,45641986,,,314100249,
58,1.2,120,adaptiveStep,5000,5,CCL,102,100,,,299154,279862,,,301735,265631,,1096049521,185711387,,,1282026539,
77,1.2,120,adaptiveStep,5000,3,CCL,97,90,,,21860,724,,,24053,147341,,265874081,730130,,,266751552,
75,1.2,120,adaptiveStep,5000,3,CCL,101,94,,,129708,118501,,,130461,211110,,273225497,57252066,,,330688673,
64,1.2,120,adaptiveStep,5000,5,CCL,108,99,,,236297,211981,,,239659,189760,,920080742,122130327,,,1042400829,
79,1.2,120,adaptiveStep,5000,2,CCL,98,95,,,54741,52587,,,54993,153260,,95406966,19662775,,,115223001,
76,1.2,120,adaptiveStep,5000,4,CCL,106,97,,,140435,127548,,,142297,183900,,365103260,64741271,,,430028431,
84,1.2,120,adaptiveStep,5000,3,CCL,113,105,,,93192,68507,,,93597,188450,,299227308,36782330,,,336198088,
83,1.2,120,adaptiveStep,5000,3,CCL,99,95,,,84578,71119,,,85832,171470,,309470957,43729705,,,353372132,
78,1.2,120,adaptiveStep,5000,4,CCL,103,98,,,161082,130190,,,170040,194621,,954453209,89027140,,,1043674970,
87,1.2,120,adaptiveStep,5000,3,CCL,104,102,,,99231,92206,,,99652,268420,,508434144,43166464,,,551869028,
68,1.2,120,adaptiveStep,5000,6,CCL,102,95,,,267768,252703,,,274893,256920,,1546346499,205460723,,,1752064142,
86,1.2,120,adaptiveStep,5000,5,CCL,105,102,,,259813,236288,,,264519,232670,,1201430235,141829063,,,1343491968,
71,1.2,120,adaptiveStep,5000,6,CCL,101,94,,,443283,419890,,,445558,167430,,1873933680,391871972,,,2265973082,
65,1.2,120,adaptiveStep,5000,7,CCL,107,104,,,446856,421113,,,451996,241970,,2314589150,293435584,,,2608266704,
94,1.2,120,adaptiveStep,5000,2,CCL,101,90,,,54394,48276,,,54780,174270,,94142565,18919795,,,113236630,
47,1.2,120,adaptiveStep,5000,8,CCL,107,100,,,657716,604595,,,663785,197900,,3834705209,708610643,,,4543513752,
92,1.2,120,adaptiveStep,5000,4,CCL,100,99,,,41929,2879,,,43201,156670,,459736876,1792711,,,461686257,
82,1.2,120,adaptiveStep,5000,7,CCL,105,103,,,348809,320613,,,358043,169400,,2098076597,216677162,,,2314923159,
90,1.2,120,adaptiveStep,5000,6,CCL,102,99,,,293495,265448,,,297506,152551,,1125652265,142071723,,,1267876539,
99,1.2,120,adaptiveStep,5000,3,CCL,99,93,,,146599,128457,,,147858,167430,,337684888,58053366,,,395905684,
95,1.2,120,adaptiveStep,5000,4,CCL,109,103,,,49089,12466,,,54148,185330,,1041204038,6462295,,,1047851663,
98,1.2,120,adaptiveStep,5000,4,CCL,107,102,,,46661,8676,,,47326,187650,,771151303,3969223,,,775308176,
103,1.2,120,adaptiveStep,5000,2,CCL,102,94,,,43685,37319,,,44214,169751,,133045145,15310162,,,148525058,
100,1.2,120,adaptiveStep,5000,4,CCL,105,102,,,207420,192672,,,209081,176210,,580662622,153610742,,,734449574,
106,1.2,120,adaptiveStep,5000,2,CCL,104,96,,,54580,49941,,,55598,178180,,133206626,24133500,,,157518306,
105,1.2,120,adaptiveStep,5000,2,CCL,100,99,,,72506,64747,,,73148,163660,,159924037,33258867,,,193346564,
102,1.2,120,adaptiveStep,5000,4,CCL,101,96,,,152996,124375,,,157790,174350,,599146617,102333192,,,701654159,
111,1.2,120,adaptiveStep,5000,2,CCL,102,94,,,16590,1537,,,17270,177970,,101385321,721011,,,102284302,
104,1.2,120,adaptiveStep,5000,4,CCL,98,97,,,175524,139429,,,180874,160070,,592351811,82782206,,,675294087,
112,1.2,120,adaptiveStep,5000,2,CCL,100,91,,,58600,43644,,,59559,171260,,105784134,20955417,,,126910811,
96,1.2,120,adaptiveStep,5000,6,CCL,106,95,,,409131,388433,,,412310,176571,,1524478292,284398566,,,1809053429,
113,1.2,120,adaptiveStep,5000,4,CCL,106,104,,,47321,3179,,,47799,169160,,610458036,3018872,,,613646068,
110,1.2,120,adaptiveStep,5000,5,CCL,98,95,,,235224,213721,,,241853,260590,,860311604,140570502,,,1001142696,
115,1.2,120,adaptiveStep,5000,4,CCL,109,103,,,151782,139737,,,153696,279980,,539432029,75086289,,,614798298,
89,1.2,120,adaptiveStep,5000,8,CCL,109,105,,,548481,517819,,,559641,279840,,3189952846,493480263,,,3683712949,
120,1.2,120,adaptiveStep,5000,3,CCL,109,100,,,17164,727,,,18679,272300,,258266346,839010,,,259377656,
118,1.2,120,adaptiveStep,5000,4,CCL,102,98,,,175977,170281,,,177536,260901,,521030175,90566672,,,611857748,
80,1.2,120,adaptiveStep,5000,7,CCL,107,104,,,96932,45428,,,118825,161960,,4977529817,25987171,,,5003678948,
116,1.2,120,adaptiveStep,5000,5,CCL,103,100,,,263097,253839,,,265475,263251,,900039695,153518022,,,1053820968,
1,1.2,140,adaptiveStep,5000,4,CCL,122,116,,,30733,1700,,,32383,287411,,522828306,1636422,,,524752139,
88,1.2,120,adaptiveStep,5000,9,CCL,107,104,,,559307,476438,,,587031,281781,,4324709498,762448997,,,5087440276,
122,1.2,120,adaptiveStep,5000,5,CCL,102,97,,,217795,191559,,,221617,254890,,963790107,179366753,,,1143411750,
121,1.2,120,adaptiveStep,5000,5,CCL,100,96,,,222274,196343,,,225951,221661,,988052056,212171909,,,1200445626,
119,1.2,120,adaptiveStep,5000,6,CCL,102,95,,,296055,269651,,,298568,255550,,1351815175,283144776,,,1635215501,
2,1.2,140,adaptiveStep,5000,4,CCL,125,111,,,149125,132965,,,151316,311131,,593236251,77565802,,,671113184,
4,1.2,140,adaptiveStep,5000,4,CCL,121,116,,,159046,135461,,,160443,209741,,523862736,61700599,,,585773076,
5,1.2,140,adaptiveStep,5000,4,CCL,113,103,,,39829,4662,,,42597,174620,,642369221,2252222,,,644796063,
81,1.2,120,adaptiveStep,5000,10,CCL,102,98,,,702600,674643,,,722060,169790,,5932869777,965650278,,,6898689845,
7,1.2,140,adaptiveStep,5000,3,CCL,116,104,,,33837,7174,,,36273,187650,,557251663,4294124,,,561733437,
10,1.2,140,adaptiveStep,5000,2,CCL,116,104,,,74771,59639,,,76420,195509,,375981259,34644338,,,410821106,
0,1.2,140,adaptiveStep,5000,7,CCL,126,120,,,358488,330895,,,370504,325620,,2620455143,314801430,,,2935582193,
12,1.2,140,adaptiveStep,5000,4,CCL,116,106,,,94681,2563,,,95507,294580,,852736289,4658763,,,857689632,
108,1.2,120,adaptiveStep,5000,9,CCL,103,100,,,696849,672585,,,700054,245380,,4337940769,846095953,,,5184282102,
13,1.2,140,adaptiveStep,5000,4,CCL,122,116,,,43698,1149,,,44460,304450,,603790970,1410911,,,605506331,
3,1.2,140,adaptiveStep,5000,7,CCL,122,117,,,349920,307550,,,357735,215040,,2421648135,209286276,,,2631149451,
9,1.2,140,adaptiveStep,5000,6,CCL,117,110,,,367827,327936,,,375538,199710,,1955804445,348116716,,,2304120871,
11,1.2,140,adaptiveStep,5000,6,CCL,121,116,,,396622,375715,,,399029,301190,,1729253665,424520278,,,2154075133,
19,1.2,140,adaptiveStep,5000,3,CCL,120,109,,,85429,64942,,,89530,211970,,331317953,33660497,,,365190420,
20,1.2,140,adaptiveStep,5000,3,CCL,115,105,,,143340,133703,,,144073,193570,,301357919,62701910,,,364253399,
14,1.2,140,adaptiveStep,5000,6,CCL,116,110,,,382172,340917,,,386041,295070,,1628900366,203602591,,,1832798027,
6,1.2,140,adaptiveStep,5000,8,CCL,113,109,,,480614,447692,,,499077,209660,,3555328317,389548279,,,3945086256,
8,1.2,140,adaptiveStep,5000,8,CCL,126,120,,,616065,599145,,,618362,209860,,3192632509,460267726,,,3653110095,
17,1.2,140,adaptiveStep,5000,6,CCL,120,114,,,259508,227879,,,268336,206550,,1519497028,167509913,,,1687213491,
16,1.2,140,adaptiveStep,5000,7,CCL,117,106,,,365915,328305,,,373214,196260,,2025187810,212020159,,,2237404229,
28,1.2,140,adaptiveStep,5000,2,CCL,120,111,,,16921,1619,,,17287,202990,,143024633,776711,,,144004334,
25,1.2,140,adaptiveStep,5000,6,CCL,119,110,,,202499,1538,,,205822,200631,,1093660340,97232718,,,1191093689,
21,1.2,140,adaptiveStep,5000,7,CCL,117,106,,,416013,370911,,,420853,198481,,1803337414,461237146,,,2264773041,
26,1.2,140,adaptiveStep,5000,6,CCL,120,113,,,53425,14881,,,60886,204340,,1406843108,7475507,,,1414522955,
23,1.2,140,adaptiveStep,5000,7,CCL,118,111,,,353753,304211,,,365476,185640,,2030709424,262304558,,,2293199622,
93,1.2,120,adaptiveStep,5000,12,CCL,104,102,,,1076232,1028363,,,1092331,167261,,8997446744,1482125728,,,10479739733,
32,1.2,140,adaptiveStep,5000,4,CCL,126,118,,,182312,154874,,,186717,321421,,688361178,98056147,,,786738746,
29,1.2,140,adaptiveStep,5000,6,CCL,116,110,,,313336,280478,,,319274,197770,,1580425977,210625997,,,1791249744,
27,1.2,140,adaptiveStep,5000,8,CCL,119,119,,,63944,5898,,,71070,195021,,2503210151,4519223,,,2507924395,
33,1.2,140,adaptiveStep,5000,5,CCL,126,122,,,42903,4343,,,43876,219321,,653057509,3152322,,,656429152,
30,1.2,140,adaptiveStep,5000,6,CCL,116,111,,,377393,350910,,,382466,201250,,1731773457,314799310,,,2046774017,
40,1.2,140,adaptiveStep,5000,3,CCL,121,113,,,62893,44995,,,65439,209980,,233695085,24302969,,,258208034,
35,1.2,140,adaptiveStep,5000,7,CCL,123,117,,,330781,299265,,,340000,187989,,1831902707,190048201,,,2022138897,
41,1.2,140,adaptiveStep,5000,6,CCL,118,111,,,327313,299679,,,334653,197790,,1359635121,435204686,,,1795037597,
36,1.2,140,adaptiveStep,5000,8,CCL,121,115,,,663430,632769,,,670832,206430,,3014847217,656864352,,,3671917999,
43,1.2,140,adaptiveStep,5000,5,CCL,112,105,,,239381,221949,,,242783,185930,,1233270300,150697310,,,1384153540,
42,1.2,140,adaptiveStep,5000,7,CCL,128,121,,,474118,426540,,,479747,221481,,2444680993,403182151,,,2848084625,
45,1.2,140,adaptiveStep,5000,5,CCL,122,112,,,98966,78610,,,102481,312280,,729291910,43826385,,,773430575,
31,1.2,140,adaptiveStep,5000,10,CCL,120,114,,,806631,763181,,,816270,304390,,5508774390,735272485,,,6244351265,
15,1.2,140,adaptiveStep,5000,11,CCL,114,112,,,1115950,1089412,,,1122328,289790,,7833435668,1871196438,,,9704921896,
48,1.2,140,adaptiveStep,5000,2,CCL,115,103,,,56844,50438,,,57084,276770,,210793717,23719319,,,234789806,
47,1.2,140,adaptiveStep,5000,5,CCL,121,114,,,86063,3331,,,87434,309741,,839235157,3277683,,,842822581,
50,1.2,140,adaptiveStep,5000,3,CCL,115,105,,,125578,112790,,,127532,281790,,298696708,54169063,,,353147561,
39,1.2,140,adaptiveStep,5000,10,CCL,117,109,,,687160,665225,,,709554,212530,,5222579232,985100483,,,6207892245,
52,1.2,140,adaptiveStep,5000,4,CCL,120,115,,,35845,2638,,,38941,204520,,806607321,1742012,,,808553853,
53,1.2,140,adaptiveStep,5000,3,CCL,113,104,,,110332,99610,,,112217,202460,,314487319,46137056,,,360826835,
46,1.2,140,adaptiveStep,5000,7,CCL,124,117,,,339638,297809,,,352923,301431,,2290005060,220133115,,,2510439606,
55,1.2,140,adaptiveStep,5000,4,CCL,120,108,,,172710,146845,,,176401,205330,,485402456,84082447,,,569690233,
58,1.2,140,adaptiveStep,5000,3,CCL,116,103,,,110824,90438,,,112653,171560,,297563547,53039652,,,350774759,
49,1.2,140,adaptiveStep,5000,6,CCL,120,115,,,333656,283474,,,343743,277141,,1662012101,174864448,,,1837153690,
51,1.2,140,adaptiveStep,5000,6,CCL,120,116,,,316803,300148,,,322521,185230,,1558178549,186682308,,,1745046087,
62,1.2,140,adaptiveStep,5000,6,CCL,127,120,,,47884,5705,,,48436,196780,,1110842584,3021492,,,1114060856,
61,1.2,140,adaptiveStep,5000,6,CCL,118,114,,,313810,289288,,,321837,200050,,1355507727,449446848,,,1805154625,
65,1.2,140,adaptiveStep,5000,6,CCL,117,111,,,376728,358264,,,380583,196810,,1556807648,263339169,,,1820343627,
56,1.2,140,adaptiveStep,5000,8,CCL,128,117,,,578666,530557,,,589797,213051,,3102934397,549061086,,,3652208534,
114,1.2,120,adaptiveStep,5000,14,CCL,113,107,,,1398873,1302021,,,1442497,187920,,16769282822,2912340565,,,19681811307,
64,1.2,140,adaptiveStep,5000,8,CCL,115,108,,,467703,396725,,,479543,194910,,2875215796,301594809,,,3177005515,
60,1.2,140,adaptiveStep,5000,8,CCL,125,119,,,526139,471270,,,531248,188140,,3069617531,511267527,,,3581073198,
72,1.2,140,adaptiveStep,5000,5,CCL,123,118,,,26241,989,,,27707,535021,,545279893,1353710,,,547168624,
68,1.2,140,adaptiveStep,5000,5,CCL,122,114,,,226033,206684,,,228619,299810,,876699777,117334713,,,994334300,
70,1.2,140,adaptiveStep,5000,4,CCL,113,106,,,42943,5623,,,46898,283470,,716228630,3175733,,,719687833,
75,1.2,140,adaptiveStep,5000,3,CCL,121,111,,,103935,99859,,,104237,196640,,205689243,40904443,,,246790326,
38,1.2,140,adaptiveStep,5000,12,CCL,123,116,,,1141655,1073728,,,1149072,302710,,10208807726,1252297206,,,11461407642,
37,1.2,140,adaptiveStep,5000,12,CCL,130,121,,,1052412,983350,,,1067147,332330,,10085820169,1584536579,,,11670689078,
80,1.2,140,adaptiveStep,5000,2,CCL,116,110,,,16581,610,,,16898,199930,,127654742,541780,,,128396452,
79,1.2,140,adaptiveStep,5000,4,CCL,115,105,,,142949,131080,,,145874,193200,,589092118,69824956,,,659110274,
82,1.2,140,adaptiveStep,5000,4,CCL,123,117,,,40443,1712,,,43391,203250,,751078557,1456141,,,752737948,
78,1.2,140,adaptiveStep,5000,5,CCL,121,110,,,239123,224217,,,240619,205190,,914855947,197250367,,,1112311504,
74,1.2,140,adaptiveStep,5000,6,CCL,119,109,,,339428,301957,,,348766,251250,,1519952148,198010258,,,1718213656,
22,1.2,140,adaptiveStep,5000,14,CCL,126,122,,,1488347,1464469,,,1507985,225210,,14060117238,2366188792,,,16426531240,
73,1.2,140,adaptiveStep,5000,8,CCL,122,114,,,491118,449690,,,496306,311341,,2828149898,526729108,,,3355190347,
81,1.2,140,adaptiveStep,5000,7,CCL,120,114,,,435921,416065,,,445362,205541,,2186804148,545384014,,,2732393703,
86,1.2,140,adaptiveStep,5000,7,CCL,120,113,,,458048,430369,,,463042,185530,,1867348104,330166122,,,2197699756,
87,1.2,140,adaptiveStep,5000,7,CCL,120,111,,,418375,388487,,,421797,202200,,1978505713,352649331,,,2331357244,
67,1.2,140,adaptiveStep,5000,10,CCL,130,122,,,708971,654712,,,725254,328851,,5312421533,605094351,,,5917844735,
69,1.2,140,adaptiveStep,5000,9,CCL,120,112,,,699523,654619,,,711092,295210,,3992574694,609895615,,,4602765519,
94,1.2,140,adaptiveStep,5000,2,CCL,127,118,,,21984,1704,,,23440,319161,,240478211,1346870,,,242144242,
90,1.2,140,adaptiveStep,5000,6,CCL,126,120,,,45022,1352,,,45892,323580,,966242568,2148992,,,968715140,
93,1.2,140,adaptiveStep,5000,4,CCL,121,115,,,160184,150388,,,161475,310980,,510733276,83443287,,,594487543,
84,1.2,140,adaptiveStep,5000,8,CCL,117,112,,,626683,611998,,,629029,199770,,2770874803,516071020,,,3287145593,
91,1.2,140,adaptiveStep,5000,6,CCL,115,105,,,362363,341224,,,365734,283261,,1516525655,256036924,,,1772845840,
95,1.2,140,adaptiveStep,5000,6,CCL,126,118,,,53757,15802,,,62309,327250,,1790027244,7186675,,,1797541169,
98,1.2,140,adaptiveStep,5000,6,CCL,114,105,,,241350,198810,,,254220,288560,,1608341999,229254862,,,1837885421,
105,1.2,140,adaptiveStep,5000,2,CCL,118,112,,,72758,61616,,,73796,206490,,175723731,36430679,,,212360900,
103,1.2,140,adaptiveStep,5000,5,CCL,113,108,,,260147,252014,,,261974,284541,,1041458858,166537853,,,1208281252,
107,1.2,140,adaptiveStep,5000,3,CCL,115,102,,,99110,83851,,,99864,275660,,322564866,44067505,,,366908031,
104,1.2,140,adaptiveStep,5000,5,CCL,118,111,,,294525,271425,,,297843,210690,,1038954055,189789031,,,1228953776,
108,1.2,140,adaptiveStep,5000,5,CCL,119,110,,,298419,286300,,,300048,293110,,1070669262,168624484,,,1239586856,
101,1.2,140,adaptiveStep,5000,8,CCL,121,116,,,513360,475349,,,518172,329010,,2862433076,353679051,,,3216441137,
110,1.2,140,adaptiveStep,5000,5,CCL,127,117,,,43355,3760,,,44243,330350,,640061369,2097582,,,642489301,
99,1.2,140,adaptiveStep,5000,8,CCL,112,108,,,403307,344677,,,426886,280440,,3521921851,278243471,,,3800445762,
114,1.2,140,adaptiveStep,5000,4,CCL,114,104,,,165221,150817,,,167281,185680,,423646877,75662170,,,499494727,
112,1.2,140,adaptiveStep,5000,5,CCL,116,109,,,220097,194228,,,222955,196120,,683114504,95823136,,,779133760,
113,1.2,140,adaptiveStep,5000,6,CCL,122,110,,,270356,254000,,,277731,205490,,1363758114,318077423,,,1682041027,
116,1.2,140,adaptiveStep,5000,5,CCL,121,109,,,284069,250133,,,286701,203820,,1135133802,135558298,,,1270895920,
115,1.2,140,adaptiveStep,5000,5,CCL,118,106,,,280258,258224,,,283570,197700,,1167093467,150170810,,,1317461977,
111,1.2,140,adaptiveStep,5000,7,CCL,125,119,,,56237,10715,,,64574,213720,,2395129644,6052005,,,2401395369,
2,1.2,160,adaptiveStep,5000,4,CCL,139,129,,,20461,593,,,22277,245660,,567091631,678881,,,568016172,
88,1.2,140,adaptiveStep,5000,11,CCL,119,111,,,862199,770371,,,894669,198930,,7942800634,930197740,,,8873197304,
44,1.2,140,adaptiveStep,5000,14,CCL,129,122,,,1458912,1412969,,,1478222,326481,,16284044216,2757550482,,,19041921179,
89,1.2,140,adaptiveStep,5000,11,CCL,125,116,,,1039318,930166,,,1050285,210880,,8370055214,969162170,,,9339428264,
109,1.2,140,adaptiveStep,5000,9,CCL,121,113,,,728136,689368,,,734770,297991,,4645891243,736881536,,,5383070770,
1,1.2,160,adaptiveStep,5000,8,CCL,130,123,,,534207,503438,,,543488,227520,,2752320738,478150700,,,3230698958,
6,1.2,160,adaptiveStep,5000,7,CCL,145,139,,,54142,7278,,,60581,230750,,1946786248,3648493,,,1950665491,
3,1.2,160,adaptiveStep,5000,8,CCL,138,129,,,553885,529011,,,560765,248780,,2962083545,665147639,,,3627479964,
4,1.2,160,adaptiveStep,5000,8,CCL,128,122,,,526041,470160,,,538653,229830,,2901156097,564151988,,,3465537915,
100,1.2,140,adaptiveStep,5000,12,CCL,122,116,,,826361,737044,,,867423,311030,,8947345603,1030742190,,,9978398823,
10,1.2,160,adaptiveStep,5000,6,CCL,138,130,,,51299,9499,,,57444,440540,,1487049803,4623393,,,1492113736,
97,1.2,140,adaptiveStep,5000,12,CCL,121,113,,,993408,969895,,,1025982,310100,,9521042318,1182164479,,,10703516897,
12,1.2,160,adaptiveStep,5000,6,CCL,139,130,,,41558,6942,,,47025,242880,,1201652545,3238802,,,1205134227,
15,1.2,160,adaptiveStep,5000,6,CCL,148,140,,,48456,3180,,,52434,265420,,1148842033,2073532,,,1151180985,
9,1.2,160,adaptiveStep,5000,8,CCL,137,130,,,452050,372024,,,464204,248061,,3327247705,454405391,,,3781901157,
14,1.2,160,adaptiveStep,5000,8,CCL,140,132,,,62541,7541,,,71920,248300,,2762219646,4338293,,,2766806239,
20,1.2,160,adaptiveStep,5000,4,CCL,134,130,,,48292,3386,,,51781,216931,,875096136,2168652,,,877481719,
22,1.2,160,adaptiveStep,5000,4,CCL,128,118,,,136951,107607,,,140463,217911,,484892946,48006078,,,533116935,
19,1.2,160,adaptiveStep,5000,7,CCL,138,126,,,332780,280073,,,343848,241580,,2008033066,192959223,,,2201233869,
23,1.2,160,adaptiveStep,5000,7,CCL,131,122,,,417882,395449,,,423637,229710,,1967297534,284357056,,,2251884300,
26,1.2,160,adaptiveStep,5000,5,CCL,133,127,,,50349,4295,,,54160,236370,,1060391503,2518302,,,1063146175,
7,1.2,160,adaptiveStep,5000,11,CCL,135,124,,,875462,790829,,,896162,229360,,7318324978,1084078992,,,8402633330,
25,1.2,160,adaptiveStep,5000,9,CCL,140,132,,,61302,6597,,,68709,249820,,3316431676,5294384,,,3321975880,
18,1.2,160,adaptiveStep,5000,10,CCL,140,133,,,682249,602371,,,703269,246770,,5876526802,931968841,,,6808742413,
29,1.2,160,adaptiveStep,5000,4,CCL,137,128,,,205549,167863,,,208115,345090,,635695765,185577228,,,821618083,
0,1.2,160,adaptiveStep,5000,12,CCL,140,134,,,1290896,1196883,,,1305330,261601,,9829144965,2551980168,,,12381386734,
5,1.2,160,adaptiveStep,5000,13,CCL,142,133,,,1084370,1044098,,,1118151,245330,,10899577794,1398867123,,,12298690247,
34,1.2,160,adaptiveStep,5000,4,CCL,133,123,,,42095,4503,,,43039,340910,,817368460,2731452,,,820440822,
28,1.2,160,adaptiveStep,5000,9,CCL,141,124,,,91379,22691,,,97251,234390,,4235286727,10440938,,,4245962055,
35,1.2,160,adaptiveStep,5000,5,CCL,138,126,,,50959,11126,,,56995,235241,,1205186339,5077564,,,1210499144,
36,1.2,160,adaptiveStep,5000,7,CCL,133,123,,,404413,365563,,,408092,229270,,2154460332,238769680,,,2393459282,
31,1.2,160,adaptiveStep,5000,9,CCL,130,114,,,622491,580283,,,636489,219810,,4696976564,579853841,,,5277050215,
42,1.2,160,adaptiveStep,5000,7,CCL,140,133,,,51244,12401,,,57278,329450,,2010182778,6186075,,,2016698303,
16,1.2,160,adaptiveStep,5000,13,CCL,137,132,,,1496731,1442474,,,1501216,243180,,14069645325,1913345971,,,15983234476,
38,1.2,160,adaptiveStep,5000,10,CCL,130,117,,,752141,697144,,,763016,194980,,5218508209,731857761,,,5950560950,
45,1.2,160,adaptiveStep,5000,6,CCL,138,130,,,48070,2095,,,51456,254940,,1023643814,1924251,,,1025823005,
41,1.2,160,adaptiveStep,5000,10,CCL,142,136,,,137223,54672,,,149784,377450,,8505914492,32482155,,,8538774097,
43,1.2,160,adaptiveStep,5000,9,CCL,135,128,,,142922,63912,,,146082,232420,,7039013676,37338130,,,7076584226,
17,1.2,160,adaptiveStep,5000,15,CCL,129,125,,,1869297,1817096,,,1881826,222760,,17833471517,3450595963,,,21284290240,
46,1.2,160,adaptiveStep,5000,10,CCL,131,126,,,702414,664949,,,716594,232350,,5209392051,661331785,,,5870956186,
50,1.2,160,adaptiveStep,5000,7,CCL,142,134,,,418043,389993,,,424135,614811,,2172635547,288454509,,,2461704867,
52,1.2,160,adaptiveStep,5000,4,CCL,134,123,,,40566,7973,,,45540,349170,,979760859,3386663,,,983496692,
51,1.2,160,adaptiveStep,5000,7,CCL,142,141,,,51208,3532,,,55279,340520,,1933144877,2550932,,,1936036329,
48,1.2,160,adaptiveStep,5000,10,CCL,132,121,,,788002,739411,,,797146,329000,,5228691646,641876631,,,5870897277,
32,1.2,160,adaptiveStep,5000,15,CCL,143,137,,,1788458,1755426,,,1810411,268800,,17631433386,3052855617,,,20684557803,
49,1.2,160,adaptiveStep,5000,10,CCL,129,128,,,746690,704171,,,766796,302690,,5732154237,1042817858,,,6775274785,
24,1.2,160,adaptiveStep,5000,16,CCL,131,126,,,2154852,2076272,,,2183634,204391,,22295849214,3915401753,,,26211455358,
61,1.2,160,adaptiveStep,5000,6,CCL,131,125,,,349541,333230,,,350308,242870,,1303389486,211313658,,,1514946014,
64,1.2,160,adaptiveStep,5000,6,CCL,136,124,,,369291,343216,,,372319,268410,,1258503581,201448540,,,1460220531,
11,1.2,160,adaptiveStep,5000,17,CCL,141,133,,,1995023,1944822,,,2037212,254630,,27344752968,3936555929,,,31281563527,
67,1.2,160,adaptiveStep,5000,5,CCL,137,129,,,193423,169269,,,198551,232321,,1020064742,109203916,,,1129500979,
65,1.2,160,adaptiveStep,5000,7,CCL,134,131,,,58859,4787,,,64861,214530,,1979891124,2817063,,,1982922717,
59,1.2,160,adaptiveStep,5000,9,CCL,137,128,,,688266,639596,,,700461,418640,,4090178451,537394587,,,4627991678,
27,1.2,160,adaptiveStep,5000,16,CCL,139,122,,,1638290,1542429,,,1694540,411590,,24857105810,2927595227,,,27785112627,
74,1.2,160,adaptiveStep,5000,4,CCL,134,123,,,200845,175502,,,202471,221600,,543482132,90716252,,,634419984,
75,1.2,160,adaptiveStep,5000,4,CCL,144,133,,,37447,5437,,,38942,253630,,858711353,3270103,,,862235086,
58,1.2,160,adaptiveStep,5000,11,CCL,137,132,,,995318,947563,,,1007625,237120,,6861886105,1422878010,,,8285001235,
73,1.2,160,adaptiveStep,5000,8,CCL,136,125,,,583668,512424,,,592952,243770,,3008601451,458335685,,,3467180906,
53,1.2,160,adaptiveStep,5000,13,CCL,137,134,,,1224522,1144265,,,1243151,221630,,10497023194,1574824702,,,12072069526,
81,1.2,160,adaptiveStep,5000,4,CCL,136,128,,,165816,131775,,,170039,684941,,619658513,83031016,,,703374470,
66,1.2,160,adaptiveStep,5000,11,CCL,140,132,,,928175,861335,,,952557,258950,,6969210840,978764588,,,7948234378,
83,1.2,160,adaptiveStep,5000,5,CCL,135,126,,,265677,226457,,,269896,350191,,1060170972,143499625,,,1204020788,
78,1.2,160,adaptiveStep,5000,9,CCL,140,130,,,633015,590317,,,641896,355280,,4117388593,494947054,,,4612690927,
82,1.2,160,adaptiveStep,5000,8,CCL,144,132,,,552984,492311,,,571240,358290,,3438354562,392575013,,,3831287865,
86,1.2,160,adaptiveStep,5000,5,CCL,139,133,,,222566,178832,,,232196,213760,,913239346,113469610,,,1026922716,
79,1.2,160,adaptiveStep,5000,10,CCL,140,130,,,863952,828560,,,874276,355720,,5883100027,803381288,,,6686837035,
88,1.2,160,adaptiveStep,5000,10,CCL,141,135,,,200064,23678,,,204244,376990,,6153134941,16018583,,,6169530514,
85,1.2,160,adaptiveStep,5000,12,CCL,130,127,,,1129254,1085990,,,1152277,319740,,8577151028,1644674847,,,10222145615,
90,1.2,160,adaptiveStep,5000,6,CCL,137,129,,,44375,4149,,,44978,239670,,1122132102,2588972,,,1124960744,
91,1.2,160,adaptiveStep,5000,9,CCL,133,121,,,623848,567287,,,635382,223590,,4082258415,493577492,,,4576059497,
56,1.2,160,adaptiveStep,5000,17,CCL,136,128,,,2349581,2236743,,,2370268,234980,,25163946893,4962333794,,,30126515667,
94,1.2,160,adaptiveStep,5000,4,CCL,143,139,,,35622,1128,,,38101,255510,,553766560,1196621,,,555218691,
44,1.2,160,adaptiveStep,5000,19,CCL,136,133,,,2830001,2773471,,,2868291,222960,,38103636438,5576265783,,,43680125181,
69,1.2,160,adaptiveStep,5000,16,CCL,134,127,,,1939022,1885194,,,1977742,230250,,24383350171,3788058160,,,28171638581,
97,1.2,160,adaptiveStep,5000,4,CCL,139,136,,,43908,4980,,,44643,328481,,1098274553,3440903,,,1102043937,
96,1.2,160,adaptiveStep,5000,7,CCL,133,126,,,67285,11396,,,75535,228910,,2425731228,6810186,,,2432770324,
99,1.2,160,adaptiveStep,5000,7,CCL,141,129,,,374030,343865,,,381928,350470,,1997163918,246201825,,,2243716213,
98,1.2,160,adaptiveStep,5000,9,CCL,133,125,,,645648,599493,,,659149,292680,,4374328457,779549340,,,5154170477,
93,1.2,160,adaptiveStep,5000,13,CCL,135,130,,,1272232,1218057,,,1288667,240650,,11361834431,1796138137,,,13158213218,
100,1.2,160,adaptiveStep,5000,9,CCL,133,125,,,749461,719072,,,756420,351240,,4055087613,681130442,,,4736569295,
105,1.2,160,adaptiveStep,5000,5,CCL,143,135,,,38581,2685,,,41727,371090,,928087288,2232082,,,930690460,
87,1.2,160,adaptiveStep,5000,17,CCL,140,132,,,1753756,1661571,,,1821240,270641,,25530824083,2836852585,,,28367947309,
76,1.2,160,adaptiveStep,5000,18,CCL,133,131,,,2349881,2311385,,,2392606,303480,,31891894249,5742618275,,,37634816004,
108,1.2,160,adaptiveStep,5000,6,CCL,136,127,,,51663,8683,,,57755,347710,,1950829001,4187443,,,1955364154,
107,1.2,160,adaptiveStep,5000,9,CCL,138,127,,,621927,571784,,,629824,335660,,3961280038,461649527,,,4423265225,
109,1.2,160,adaptiveStep,5000,8,CCL,136,125,,,80155,3351,,,83321,234320,,2203188722,3463332,,,2206886374,
113,1.2,160,adaptiveStep,5000,6,CCL,138,131,,,43742,3942,,,44866,239330,,1093820150,2373091,,,1096432571,
84,1.2,160,adaptiveStep,5000,18,CCL,139,132,,,2004434,1875094,,,2079932,381860,,32367320307,3854526534,,,36222228701,
116,1.2,160,adaptiveStep,5000,4,CCL,135,127,,,44872,1835,,,45274,235170,,583229174,1786881,,,585251225,
114,1.2,160,adaptiveStep,5000,7,CCL,140,132,,,441517,415904,,,447414,243490,,1744959967,280193002,,,2025396459,
89,1.2,160,adaptiveStep,5000,16,CCL,146,138,,,2166975,2095749,,,2181795,253690,,24580817848,4022013377,,,28603084915,
117,1.2,160,adaptiveStep,5000,6,CCL,136,128,,,355898,347215,,,357716,229781,,1176866205,305333523,,,1482429509,
120,1.2,160,adaptiveStep,5000,6,CCL,129,127,,,346553,329362,,,350917,219531,,1196389980,194414934,,,1391024445,
122,1.2,160,adaptiveStep,5000,5,CCL,138,124,,,208449,174936,,,210418,233910,,736506076,87115499,,,823855485,
124,1.2,160,adaptiveStep,5000,5,CCL,133,120,,,207739,196772,,,211416,230481,,792945831,119541654,,,912717966,
112,1.2,160,adaptiveStep,5000,10,CCL,141,136,,,871933,822972,,,885164,284190,,5618335885,1118013679,,,6736633754,
121,1.2,160,adaptiveStep,5000,7,CCL,140,133,,,456763,433486,,,460545,221980,,1991801303,752979389,,,2745002672,
128,1.2,160,adaptiveStep,5000,6,CCL,129,117,,,274968,229500,,,283239,213740,,1691397625,159159976,,,1850771341,
103,1.2,160,adaptiveStep,5000,13,CCL,140,128,,,1417745,1382077,,,1431163,353031,,13290978633,2375379927,,,15666711591,
123,1.2,160,adaptiveStep,5000,9,CCL,135,125,,,101070,37776,,,118286,224990,,5651422051,18485645,,,5670132686,
68,1.2,160,adaptiveStep,5000,20,CCL,135,132,,,3299474,3226774,,,3310192,216440,,50321204487,5843638185,,,56165059112,
106,1.2,160,adaptiveStep,5000,15,CCL,143,131,,,1808853,1740708,,,1829198,363760,,17509199956,2593701582,,,20103265298,
115,1.2,160,adaptiveStep,5000,14,CCL,142,136,,,1502107,1434624,,,1521822,252030,,13777772710,2102287741,,,15880312481,
127,1.2,160,adaptiveStep,5000,13,CCL,133,125,,,1515385,1487101,,,1518979,229840,,12058938105,2901978786,,,14961146731,
33,1.2,160,adaptiveStep,5000,24,CCL,139,132,,,3600317,3236224,,,3693726,256590,,84128809891,6826526256,,,90955592737,
95,1.2,160,adaptiveStep,5000,21,CCL,136,129,,,3437621,3369749,,,3480330,231990,,48216945103,7498548271,,,55715725364,
