name,inputs,size,threshold,threshold_param,threshold_cross,index,size_trim,size_bisim,size_sim,sim_rels,size_sc1,size_sc1_min,size_sc2,size_sc2_min,max_inter,time_bisim,time_sim,time_sc1,time_sc1_min,time_sc2,time_sc2_min,time_total,cancel
nfa_170_2.0_5.ba,13,171,,,,,171,171,173,,533359,4,4,4,,17344835,32321575,19612946894,,8045446163,,27708059467,
nfa_130_2.0_0.ba,11,131,,,,,131,131,133,,149041,5,5,5,,14174177,25741099,4864179282,,1018805107,,5922899665,
nfa_70_2.0_2.ba,8,71,,,,,71,71,73,,6309,1,1,1,,7860075,15818310,114320516,,2232164,,140231065,
nfa_130_2.0_9.ba,11,131,,,,,131,131,133,,143056,5,5,5,,13393295,24282346,4427588552,,993262034,,5458526227,
nfa_50_2.0_2.ba,7,51,,,,,51,51,53,,1372,3,3,3,,9618147,19020484,39859061,,3084116,,71581808,
nfa_60_2.0_5.ba,7,61,,,,,61,61,63,,3274,4,4,4,,7898604,18123402,55575578,,3479747,,85077331,
nfa_140_2.0_7.ba,11,141,,,,,141,141,143,,186809,5,5,5,,14037295,26499756,5495351635,,1423969729,,6959858415,
nfa_100_2.0_5.ba,10,101,,,,,101,101,103,,36262,5,5,5,,11464818,19505981,601482509,,132912068,,765365376,
nfa_110_2.0_9.ba,10,111,,,,,111,111,113,,54212,4,4,4,,11804368,20968683,1141277189,,176194814,,1350245054,
nfa_80_2.0_4.ba,8,81,,,,,81,81,83,,12317,5,5,5,,8068372,17226817,186155356,,16345715,,227796260,
nfa_60_2.0_4.ba,7,61,,,,,61,61,63,,3582,5,5,5,,7192471,14511392,58678710,,3528345,,83910918,
nfa_80_2.0_5.ba,8,81,,,,,81,81,83,,11754,5,5,5,,8197512,17248095,180031025,,15803432,,221280064,
nfa_200_2.0_4.ba,14,201,,,,,201,201,203,,1207421,8,8,8,,22947450,38941819,116967565587,,73784362803,,190813817659,
nfa_210_2.0_4.ba,14,211,,,,,211,211,213,,1491499,8,8,8,,21448960,36768959,152580652321,,104947973034,,257586843274,
nfa_70_2.0_4.ba,8,71,,,,,71,71,73,,7229,1,1,1,,7981630,15708971,118134461,,2413043,,144238105,
nfa_100_2.0_4.ba,10,101,,,,,101,101,103,,33944,4,4,4,,11377876,19728987,604181937,,96994803,,732283603,
nfa_140_2.0_3.ba,11,141,,,,,141,141,143,,200509,5,5,5,,13995729,25235175,7463194431,,1662072317,,9164497652,
nfa_30_2.0_6.ba,5,31,,,,,31,31,33,,203,1,1,1,,4731517,12001345,11545845,,251240,,28529947,
nfa_190_2.0_4.ba,13,191,,,,,191,191,193,,789959,7,7,7,,19417156,35125248,61286162754,,33842393003,,95183098161,
nfa_220_2.0_2.ba,ERR
nfa_30_2.0_0.ba,5,31,,,,,31,31,33,,189,3,3,3,,4397995,11685994,10991203,,323730,,27398922,
nfa_170_2.0_2.ba,13,171,,,,,171,171,173,,477271,4,4,4,,17692311,31536848,18681366018,,6331408240,,25062003417,
nfa_70_2.0_3.ba,8,71,,,,,71,71,73,,6939,3,3,3,,8292950,16192529,121798604,,4011454,,150295537,
nfa_150_2.0_1.ba,12,151,,,,,151,151,153,,276488,4,4,4,,14658047,27561192,9468420588,,2250606656,,11761246483,
nfa_110_2.0_1.ba,10,111,,,,,111,111,113,,64481,4,4,4,,11503314,20223684,1280018532,,239393371,,1551138901,
nfa_210_2.0_9.ba,14,211,,,,,211,211,213,,1527793,7,7,7,,27177790,38158117,176863554943,,100913238703,,277842129553,
nfa_200_2.0_0.ba,14,201,,,,,201,201,203,,1158854,6,6,6,,24161501,36247817,83988556346,,50102319926,,134151285590,
nfa_30_2.0_4.ba,5,31,,,,,31,31,33,,183,4,4,4,,4690846,11655473,11033873,,390761,,27770953,
nfa_120_2.0_3.ba,10,121,,,,,121,121,123,,90009,7,7,7,,12390545,22860556,2367187901,,902658818,,3305097820,
nfa_130_2.0_2.ba,11,131,,,,,131,131,133,,142569,4,4,4,,13179895,24517469,4863254043,,759344561,,5660295968,
nfa_160_2.0_2.ba,12,161,,,,,161,161,163,,337702,6,6,6,,16151628,31705117,13299040260,,5410345095,,18757242100,
nfa_120_2.0_9.ba,10,121,,,,,121,121,123,,93944,4,4,4,,12462254,21989055,1857876729,,364503280,,2256831318,
nfa_20_2.0_9.ba,4,21,,,,,21,21,23,,60,3,3,3,,3511344,9917511,8118949,,217340,,21765144,
nfa_140_2.0_6.ba,11,141,,,,,141,141,143,,181324,5,5,5,,13911765,25526608,5781306510,,1296456546,,7117201429,
nfa_130_2.0_8.ba,11,131,,,,,131,131,133,,135600,1,1,1,,13703234,24184817,3135376262,,178379714,,3351644027,
nfa_200_2.0_7.ba,14,201,,,,,201,201,203,,1153807,8,8,8,,33942912,50402703,123986184643,,109514974347,,233585504605,
nfa_140_2.0_5.ba,11,141,,,,,141,141,143,,187191,5,5,5,,14839046,28704061,5486618671,,1595562110,,7125723888,
nfa_200_2.0_2.ba,14,201,,,,,201,201,203,,1076193,6,6,6,,25826680,36680952,95170558201,,44723725531,,139956791364,
nfa_90_2.0_7.ba,9,91,,,,,91,91,93,,16638,4,4,4,,9749110,17966530,292244831,,24200645,,344161116,
nfa_40_2.0_7.ba,6,41,,,,,41,41,43,,506,1,1,1,,5949806,13903155,16260047,,282001,,36395009,
nfa_110_2.0_2.ba,10,111,,,,,111,111,113,,59487,4,4,4,,11232292,20678871,1083308683,,214074268,,1329294114,
nfa_50_2.0_1.ba,7,51,,,,,51,51,53,,1470,3,3,3,,6140346,12559333,29791891,,1399821,,49891391,
nfa_190_2.0_2.ba,13,191,,,,,191,191,193,,803296,5,5,5,,21120133,34033357,56566773910,,21096087841,,77718015241,
nfa_30_2.0_8.ba,5,31,,,,,31,31,33,,202,3,3,3,,4807986,12522153,11735892,,404621,,29470652,
nfa_40_2.0_9.ba,6,41,,,,,41,41,43,,516,3,3,3,,6077806,13240154,16494708,,520941,,36333609,
nfa_190_2.0_3.ba,13,191,,,,,191,191,193,,794470,6,5,5,,19816702,35153888,62359368828,,21607741502,,84022080920,
nfa_150_2.0_7.ba,12,151,,,,,151,151,153,,275474,6,6,6,,14984146,28560979,9982403811,,3312044974,,13337993910,
nfa_250_2.0_8.ba,15,251,,,,,251,251,253,,,,,,,29304179,46191092,,,,,75495271,TO
nfa_90_2.0_2.ba,9,91,,,,,91,91,93,,19674,5,5,5,,10105300,18634729,337404574,,39811891,,405956494,
nfa_80_2.0_0.ba,8,81,,,,,81,81,83,,9863,4,4,4,,8202228,17175667,167407420,,9355749,,202141064,
nfa_300_2.0_9.ba,17,301,,,,,301,301,303,,,,,,,34182446,54728896,,,,,88911342,TO
nfa_220_2.0_9.ba,ERR
nfa_140_2.0_4.ba,11,141,,,,,141,141,143,,206841,4,4,4,,14527945,25540416,6366841717,,1565993220,,7972903298,
nfa_30_2.0_2.ba,5,31,,,,,31,31,33,,250,1,1,1,,4405994,11581471,12323332,,225441,,28536238,
nfa_60_2.0_3.ba,7,61,,,,,61,61,63,,3175,3,3,3,,6761257,13293624,53722844,,2259962,,76037687,
nfa_180_2.0_5.ba,13,181,,,,,181,181,183,,677577,7,7,7,,17767808,34718675,42600110402,,22041633002,,64694229887,
nfa_140_2.0_9.ba,11,141,,,,,141,141,143,,178467,3,3,3,,14104923,26396317,4781249001,,808294662,,5630044903,
nfa_180_2.0_2.ba,13,181,,,,,181,181,183,,632626,8,8,8,,18005878,35039345,29803688764,,21354734481,,51211468468,
nfa_260_2.0_0.ba,16,261,,,,,261,261,263,,,,,,,31193474,48990433,,,,,80183907,TO
nfa_170_2.0_1.ba,13,171,,,,,171,171,173,,502903,4,4,4,,17626047,32626693,26537457925,,7500589286,,34088299951,
nfa_290_2.0_2.ba,17,291,,,,,291,291,293,,,,,,,33279766,54170851,,,,,87450617,TO
nfa_40_2.0_1.ba,6,41,,,,,41,41,43,,510,1,1,1,,5823315,12409941,16382326,,407491,,35023073,
nfa_200_2.0_9.ba,14,201,,,,,201,201,203,,1155562,5,5,5,,27741228,37281598,117960561256,,50983589421,,169009173503,
nfa_70_2.0_5.ba,8,71,,,,,71,71,73,,6286,3,3,3,,7824767,16593386,110994996,,4018964,,139432113,
nfa_210_2.0_7.ba,14,211,,,,,211,211,213,,1535937,6,6,6,,27325739,39944632,127570205070,,104652733076,,232290208517,
nfa_240_2.0_1.ba,15,241,,,,,241,241,243,,3894505,5,,,,29398256,44186369,862424442393,,,,862498027018,TO
nfa_20_2.0_4.ba,4,21,,,,,21,21,21,,1,1,1,1,,3490174,13838833,5275575,,188950,,22793532,
nfa_250_2.0_3.ba,15,251,,,,,251,251,253,,,,,,,34141372,55108345,,,,,89249717,TO
nfa_240_2.0_8.ba,ERR
nfa_80_2.0_9.ba,8,81,,,,,81,81,83,,11273,7,7,7,,9147988,18787348,180433241,,21135951,,229504528,
nfa_20_2.0_2.ba,4,21,,,,,21,21,23,,45,1,1,1,,3516753,10167730,8164578,,195890,,22044951,
nfa_150_2.0_3.ba,12,151,,,,,151,151,153,,291187,5,5,5,,14921754,27907556,10567991175,,3269582493,,13880402978,
nfa_260_2.0_5.ba,16,261,,,,,261,261,263,,,,,,,30611365,48906121,,,,,79517486,TO
nfa_270_2.0_2.ba,16,271,,,,,271,271,273,,,,,,,31438184,49949660,,,,,81387844,TO
nfa_70_2.0_0.ba,8,71,,,,,71,71,73,,6589,1,1,1,,7826708,15902215,109188742,,2195202,,135112867,
nfa_180_2.0_7.ba,13,181,,,,,181,181,183,,614738,5,5,5,,18061487,33334482,41518276612,,23144810641,,64714483222,
nfa_40_2.0_6.ba,6,41,,,,,41,41,43,,480,5,5,5,,6295266,14897554,17610667,,684820,,39488307,
nfa_220_2.0_1.ba,ERR
nfa_150_2.0_9.ba,12,151,,,,,151,151,153,,272012,4,4,4,,15128723,28830168,9241799464,,2196833995,,11482592350,
nfa_70_2.0_1.ba,8,71,,,,,71,71,73,,6345,4,4,4,,7844416,16520571,109321631,,4915682,,138602300,
nfa_200_2.0_3.ba,14,201,,,,,201,201,203,,1141669,5,5,5,,28447447,36673035,88793196981,,40449487092,,129307804555,
nfa_190_2.0_1.ba,13,191,,,,,191,191,193,,769512,3,3,3,,21319659,37710994,65168322367,,11792679034,,77020032054,
nfa_200_2.0_1.ba,14,201,,,,,201,201,203,,1166170,8,8,8,,20916834,36584316,79042598506,,68261156809,,147361256465,
nfa_290_2.0_1.ba,17,291,,,,,291,291,293,,,,,,,33711180,52902382,,,,,86613562,TO
nfa_100_2.0_3.ba,10,101,,,,,101,101,103,,34060,4,4,4,,11535689,19452572,704022629,,92010391,,827021281,
nfa_150_2.0_2.ba,12,151,,,,,151,151,153,,279284,8,8,8,,15015045,27931581,11180828604,,4728281842,,15952057072,
nfa_120_2.0_4.ba,10,121,,,,,121,121,123,,89743,3,3,3,,11814108,21583869,2139706976,,261993820,,2435098773,
nfa_100_2.0_7.ba,10,101,,,,,101,101,103,,31141,4,4,4,,11103390,20285440,633245950,,80271764,,744906544,
nfa_260_2.0_9.ba,16,261,,,,,261,261,263,,,,,,,31487916,45392393,,,,,76880309,TO
nfa_170_2.0_0.ba,13,171,,,,,171,171,173,,504199,7,7,7,,17139983,32180960,21401933445,,11944747800,,33396002188,
nfa_240_2.0_2.ba,15,241,,,,,241,241,243,,3770157,7,,,,30058215,43098320,869379615516,,,,869452772051,TO
nfa_230_2.0_6.ba,ERR
nfa_60_2.0_7.ba,7,61,,,,,61,61,63,,3944,3,3,3,,6973355,13849941,56533820,,2737528,,80094644,
nfa_180_2.0_8.ba,13,181,,,,,181,181,183,,604394,5,5,5,,17768754,33436219,38416432805,,27406660055,,65874297833,
nfa_40_2.0_3.ba,6,41,,,,,41,41,43,,635,1,1,1,,6288756,13168400,18101637,,344340,,37903133,
nfa_120_2.0_7.ba,10,121,,,,,121,121,123,,93622,6,6,6,,11931862,22107454,1851847487,,557036413,,2442923216,
nfa_190_2.0_5.ba,13,191,,,,,191,191,193,,857253,8,8,8,,19427731,34209177,49923586015,,39652441637,,89629664560,
nfa_160_2.0_5.ba,12,161,,,,,161,161,163,,365203,5,5,5,,16537298,32114668,14599187297,,5219460701,,19867299964,
nfa_50_2.0_0.ba,7,51,,,,,51,51,53,,1654,3,3,3,,6474077,13173752,32122800,,1233399,,53004028,
nfa_260_2.0_7.ba,16,261,,,,,261,261,263,,,,,,,30295622,49161442,,,,,79457064,TO
nfa_180_2.0_6.ba,13,181,,,,,181,181,183,,606597,7,7,7,,17727279,33102640,28593606769,,25889598090,,54534034778,
nfa_220_2.0_6.ba,ERR
nfa_140_2.0_2.ba,11,141,,,,,141,141,143,,184260,8,8,8,,13917524,26218708,4382721128,,2239850864,,6662708224,
nfa_40_2.0_0.ba,6,41,,,,,41,41,43,,500,3,3,3,,6040867,13772124,16566403,,509150,,36888544,
nfa_150_2.0_6.ba,12,151,,,,,151,151,153,,284027,6,6,6,,14834263,28382236,9412980188,,3734381011,,13190577698,
nfa_200_2.0_8.ba,14,201,,,,,201,201,203,,1067404,5,5,5,,27170507,38148719,104002024128,,39331595761,,143398939115,
nfa_280_2.0_5.ba,16,281,,,,,281,281,283,,,,,,,33509445,49904941,,,,,83414386,TO
nfa_100_2.0_2.ba,10,101,,,,,101,101,103,,34499,4,4,4,,11086365,19181883,667834395,,99498042,,797600685,
nfa_170_2.0_8.ba,13,171,,,,,171,171,173,,504147,3,3,3,,16970783,32131317,19358016182,,5303397370,,24710515652,
nfa_270_2.0_8.ba,16,271,,,,,271,271,273,,,,,,,32848654,49011050,,,,,81859704,TO
nfa_290_2.0_9.ba,17,291,,,,,291,291,293,,,,,,,34644614,54781735,,,,,89426349,TO
nfa_300_2.0_3.ba,17,301,,,,,301,301,303,,,,,,,34395714,56478646,,,,,90874360,TO
nfa_290_2.0_0.ba,17,291,,,,,291,291,293,,,,,,,33720143,54029443,,,,,87749586,TO
nfa_50_2.0_5.ba,7,51,,,,,51,51,53,,1574,1,1,1,,6333809,13007248,30717107,,693810,,50751974,
nfa_120_2.0_5.ba,10,121,,,,,121,121,123,,89562,5,5,5,,11950359,21858698,1910055642,,417889148,,2361753847,
nfa_40_2.0_2.ba,6,41,,,,,41,41,43,,530,1,1,1,,5807160,12557979,16162638,,294729,,34822506,
nfa_20_2.0_6.ba,4,21,,,,,21,21,21,,1,1,1,1,,3630840,14109419,5479789,,179290,,23399338,
nfa_50_2.0_6.ba,7,51,,,,,51,51,53,,1521,4,4,4,,6591029,12568229,30302137,,1376819,,50838214,
nfa_40_2.0_5.ba,6,41,,,,,41,41,43,,622,4,4,4,,5802299,13548459,18010458,,649680,,38010896,
nfa_290_2.0_7.ba,17,291,,,,,291,291,293,,,,,,,34474354,55708614,,,,,90182968,TO
nfa_30_2.0_7.ba,5,31,,,,,31,31,33,,218,1,1,1,,4368320,11887429,11378069,,265310,,27899128,
nfa_60_2.0_0.ba,7,61,,,,,61,61,63,,3586,4,4,4,,6984469,13818889,55095364,,2866200,,78764922,
nfa_190_2.0_7.ba,13,191,,,,,191,191,193,,792755,4,4,4,,18863327,34946643,66760083231,,16684618327,,83498511528,
nfa_270_2.0_6.ba,16,271,,,,,271,271,273,,,,,,,33955813,47561926,,,,,81517739,TO
nfa_80_2.0_7.ba,8,81,,,,,81,81,83,,10493,4,4,4,,8563980,17321088,165994796,,11832019,,203711883,
nfa_40_2.0_8.ba,6,41,,,,,41,41,43,,603,1,1,1,,6156599,13977449,18031939,,326520,,38492507,
nfa_210_2.0_5.ba,14,211,,,,,211,211,213,,1527785,8,8,8,,23394669,41056692,124885802159,,110984636122,,235934889642,
nfa_270_2.0_9.ba,16,271,,,,,271,271,273,,,,,,,31692121,53492021,,,,,85184142,TO
nfa_230_2.0_9.ba,15,231,,,,,231,231,233,,,,,,,29674098,44821723,,,,,74495821,TO
nfa_270_2.0_1.ba,16,271,,,,,271,271,273,,,,,,,30324939,50604848,,,,,80929787,TO
nfa_250_2.0_5.ba,15,251,,,,,251,251,253,,,,,,,29557358,45320703,,,,,74878061,TO
nfa_180_2.0_9.ba,13,181,,,,,181,181,183,,599744,6,6,6,,17571851,33484030,24192514670,,14349596887,,38593167438,
nfa_130_2.0_1.ba,11,131,,,,,131,131,133,,141431,4,4,4,,13857811,24603911,3706546922,,722895519,,4467904163,
nfa_300_2.0_1.ba,17,301,,,,,301,301,303,,,,,,,33995772,55012182,,,,,89007954,TO
nfa_180_2.0_1.ba,13,181,,,,,181,181,183,,660556,9,9,9,,18209741,34708602,27799340084,,27257156990,,55109415417,
nfa_200_2.0_5.ba,14,201,,,,,201,201,203,,1086281,6,6,6,,21129190,36419279,103476719607,,43370471439,,146904739515,
nfa_140_2.0_0.ba,11,141,,,,,141,141,143,,187326,7,6,6,,13639052,25757513,6236880253,,1708891030,,7985167848,
nfa_130_2.0_3.ba,11,131,,,,,131,131,133,,142063,4,4,4,,13215291,23833773,4373895672,,708544132,,5119488868,
nfa_60_2.0_1.ba,7,61,,,,,61,61,63,,2969,3,3,3,,6570611,13687852,53480187,,2391530,,76130180,
nfa_220_2.0_3.ba,ERR
nfa_160_2.0_4.ba,12,161,,,,,161,161,163,,382478,5,5,5,,15892683,29299155,14967106568,,7955236555,,22967534961,
nfa_70_2.0_7.ba,8,71,,,,,71,71,73,,6470,5,5,5,,8209352,16028012,110663401,,5104441,,140005206,
nfa_300_2.0_6.ba,17,301,,,,,301,301,303,,,,,,,34354081,54986368,,,,,89340449,TO
nfa_240_2.0_9.ba,ERR
nfa_240_2.0_5.ba,ERR
nfa_210_2.0_8.ba,14,211,,,,,211,211,213,,1454618,6,6,6,,23343793,38295054,177013823629,,77185534793,,254260997269,
nfa_110_2.0_7.ba,10,111,,,,,111,111,113,,56722,6,6,6,,12156564,21553035,1239722229,,301425280,,1574857108,
nfa_230_2.0_1.ba,15,231,,,,,231,231,233,,2900021,7,,,,31419168,42882129,921128663259,,,,921202964556,TO
nfa_60_2.0_9.ba,7,61,,,,,61,61,63,,4032,1,1,1,,6916422,14428825,58166856,,2472681,,81984784,
nfa_180_2.0_0.ba,13,181,,,,,181,181,183,,606844,5,5,5,,17667445,34085829,29170458753,,12633782267,,41855994294,
nfa_90_2.0_8.ba,9,91,,,,,91,91,93,,18977,6,6,6,,9638152,18083325,365386364,,44806753,,437914594,
nfa_270_2.0_3.ba,16,271,,,,,271,271,273,,,,,,,33901764,48088957,,,,,81990721,TO
nfa_90_2.0_6.ba,9,91,,,,,91,91,93,,18181,6,6,6,,9851933,18365545,324739090,,42223823,,395180391,
nfa_70_2.0_8.ba,8,71,,,,,71,71,73,,6700,3,3,3,,7916173,15934945,116733956,,3671121,,144256195,
nfa_60_2.0_8.ba,7,61,,,,,61,61,63,,3627,3,3,3,,6831072,14474324,58130818,,2805881,,82242095,
nfa_260_2.0_3.ba,16,261,,,,,261,261,263,,,,,,,31585337,47450120,,,,,79035457,TO
nfa_260_2.0_4.ba,16,261,,,,,261,261,263,,,,,,,30160879,50640900,,,,,80801779,TO
nfa_270_2.0_5.ba,16,271,,,,,271,271,273,,,,,,,31649599,52213382,,,,,83862981,TO
nfa_190_2.0_8.ba,13,191,,,,,191,191,193,,797881,13,13,13,,19261406,34128371,60849668446,,58062822713,,118965880936,
nfa_100_2.0_6.ba,10,101,,,,,101,101,103,,29635,4,4,4,,14210765,25597089,574382629,,131754255,,745944738,
nfa_280_2.0_8.ba,16,281,,,,,281,281,283,,,,,,,34479264,48180322,,,,,82659586,TO
nfa_90_2.0_3.ba,9,91,,,,,91,91,93,,22060,7,7,7,,10507874,18650116,407208654,,125622374,,561989018,
nfa_90_2.0_1.ba,9,91,,,,,91,91,93,,18980,4,4,4,,10543613,19397897,360109066,,55847779,,445898355,
nfa_130_2.0_7.ba,11,131,,,,,131,131,133,,140272,5,5,5,,13691016,25225839,4396386748,,2110886414,,6546190017,
nfa_90_2.0_4.ba,9,91,,,,,91,91,93,,20280,6,6,6,,10809994,19775257,357445097,,69971324,,458001672,
nfa_220_2.0_4.ba,ERR
nfa_160_2.0_6.ba,12,161,,,,,161,161,163,,347683,8,8,8,,16034646,31413491,12211990876,,13727663283,,25987102296,
nfa_160_2.0_1.ba,12,161,,,,,161,161,163,,330081,5,5,5,,15340545,28344250,13071435800,,4064987120,,17180107715,
nfa_90_2.0_9.ba,9,91,,,,,91,91,93,,21833,5,5,5,,9683013,18501797,348290126,,50787239,,427262175,
nfa_230_2.0_7.ba,ERR
nfa_90_2.0_5.ba,9,91,,,,,91,91,93,,20929,5,5,5,,10140264,18202447,380171127,,42002336,,450516174,
nfa_250_2.0_2.ba,15,251,,,,,251,251,253,,,,,,,31996437,43902226,,,,,75898663,TO
nfa_290_2.0_5.ba,17,291,,,,,291,291,293,,,,,,,34691407,53846145,,,,,88537552,TO
nfa_20_2.0_7.ba,4,21,,,,,21,21,23,,52,3,3,3,,3611001,10347614,8151823,,248149,,22358587,
nfa_130_2.0_4.ba,11,131,,,,,131,131,133,,145464,5,5,5,,13486506,25344720,4322718259,,974508622,,5336058107,
nfa_100_2.0_0.ba,10,101,,,,,101,101,103,,33271,5,5,5,,11435444,20202028,586850183,,111992860,,730480515,
nfa_240_2.0_4.ba,15,241,,,,,241,241,243,,,,,,,31925248,45540086,,,,,77465334,TO
nfa_290_2.0_6.ba,17,291,,,,,291,291,293,,,,,,,33721498,55159535,,,,,88881033,TO
nfa_50_2.0_3.ba,7,51,,,,,51,51,53,,1470,3,3,3,,7010473,13902895,29908641,,1260940,,52082949,
nfa_150_2.0_0.ba,12,151,,,,,151,151,153,,281076,1,1,1,,15333436,27701750,11548323924,,591525396,,12182884506,
nfa_50_2.0_4.ba,7,51,,,,,51,51,53,,1549,4,4,4,,7136422,13524995,32812001,,1334071,,54807489,
nfa_160_2.0_9.ba,12,161,,,,,161,161,163,,337740,5,5,5,,15423006,29373711,13268702316,,4172448745,,17485947778,
nfa_140_2.0_8.ba,11,141,,,,,141,141,143,,192348,4,4,4,,14098355,26623820,5563832596,,1308726059,,6913280830,
nfa_240_2.0_0.ba,15,241,,,,,241,241,243,,,,,,,30779499,45674189,,,,,76453688,TO
nfa_70_2.0_6.ba,8,71,,,,,71,71,73,,5888,3,3,3,,7556633,15598795,104410899,,2990531,,130556858,
nfa_300_2.0_2.ba,17,301,,,,,301,301,303,,,,,,,34934141,57104200,,,,,92038341,TO
nfa_60_2.0_2.ba,7,61,,,,,61,61,63,,3324,6,6,6,,7094532,14621266,65050795,,3438471,,90205064,
nfa_150_2.0_8.ba,12,151,,,,,151,151,153,,293643,4,4,4,,15400476,29130061,9818067630,,2547090770,,12409688937,
nfa_150_2.0_5.ba,12,151,,,,,151,151,153,,277528,5,5,5,,15227905,29326891,8769665622,,3004006237,,11818226655,
nfa_120_2.0_1.ba,10,121,,,,,121,121,123,,89016,3,3,3,,11996454,22389089,1833126534,,269407822,,2136919899,
nfa_50_2.0_8.ba,7,51,,,,,51,51,53,,1531,4,4,4,,6684522,13030435,30971422,,1653091,,52339470,
nfa_190_2.0_6.ba,13,191,,,,,191,191,193,,891908,8,8,8,,19022227,36285013,75790823735,,40727996635,,116574127610,
nfa_170_2.0_6.ba,13,171,,,,,171,171,173,,526613,5,5,5,,17067016,32171112,23769889017,,16025014028,,39844141173,
nfa_30_2.0_9.ba,5,31,,,,,31,31,33,,186,1,1,1,,4433341,12371855,11438114,,278300,,28521610,
nfa_130_2.0_5.ba,11,131,,,,,131,131,133,,146124,4,4,4,,13424985,25325460,4808938261,,764553744,,5612242450,
nfa_280_2.0_6.ba,16,281,,,,,281,281,283,,,,,,,31383583,47158564,,,,,78542147,TO
nfa_150_2.0_4.ba,12,151,,,,,151,151,153,,277800,5,5,5,,15224556,28267081,9246322548,,2740757930,,12030572115,
nfa_210_2.0_3.ba,14,211,,,,,211,211,213,,1490185,6,6,6,,22385108,37620463,165268705331,,107426556347,,272755267249,
nfa_230_2.0_0.ba,ERR
nfa_230_2.0_4.ba,15,231,,,,,231,231,233,,,,,,,30359415,46124599,,,,,76484014,TO
nfa_220_2.0_5.ba,ERR
nfa_170_2.0_3.ba,13,171,,,,,171,171,173,,488327,4,4,4,,16932404,31894359,26571912529,,10428299151,,37049038443,
nfa_220_2.0_0.ba,ERR
nfa_300_2.0_0.ba,17,301,,,,,301,301,303,,,,,,,34529747,57085003,,,,,91614750,TO
nfa_20_2.0_5.ba,4,21,,,,,21,21,23,,74,3,3,3,,3515963,10072178,8452232,,246031,,22286404,
nfa_280_2.0_4.ba,16,281,,,,,281,281,283,,,,,,,32042217,48446211,,,,,80488428,TO
nfa_30_2.0_3.ba,5,31,,,,,31,31,33,,205,1,1,1,,4496446,11455923,11090831,,244801,,27288001,
nfa_100_2.0_1.ba,10,101,,,,,101,101,103,,31286,4,4,4,,10925910,19085161,599835184,,79110732,,708956987,
nfa_160_2.0_7.ba,12,161,,,,,161,161,163,,322253,8,8,8,,15818439,28681126,12728744540,,6448815212,,19222059317,
nfa_170_2.0_7.ba,13,171,,,,,171,171,173,,518184,6,6,6,,17093740,31939424,20039260309,,11381067837,,31469361310,
nfa_220_2.0_7.ba,ERR
nfa_240_2.0_6.ba,15,241,,,,,241,241,243,,,,,,,27760988,46509093,,,,,74270081,TO
nfa_60_2.0_6.ba,7,61,,,,,61,61,63,,3258,3,3,3,,7108171,14199311,61165315,,2271387,,84744184,
nfa_260_2.0_6.ba,16,261,,,,,261,261,263,,,,,,,32350749,47027953,,,,,79378702,TO
nfa_120_2.0_8.ba,10,121,,,,,121,121,123,,91756,4,4,4,,13103277,22012463,2516790584,,381738430,,2933644754,
nfa_290_2.0_8.ba,17,291,,,,,291,291,293,,,,,,,33405450,57067508,,,,,90472958,TO
nfa_120_2.0_2.ba,10,121,,,,,121,121,123,,91027,3,3,3,,12113090,23036780,2242567452,,289895503,,2567612825,
nfa_280_2.0_7.ba,16,281,,,,,281,281,283,,,,,,,34294571,48311265,,,,,82605836,TO
nfa_260_2.0_1.ba,16,261,,,,,261,261,263,,,,,,,31042851,49315285,,,,,80358136,TO
nfa_280_2.0_2.ba,16,281,,,,,281,281,283,,,,,,,44475995,63127702,,,,,107603697,TO
nfa_110_2.0_6.ba,10,111,,,,,111,111,113,,55913,4,4,4,,11786754,21900196,1303962325,,244785215,,1582434490,
nfa_160_2.0_0.ba,12,161,,,,,161,161,163,,376316,4,4,4,,15748463,29113700,16794281719,,3983284319,,20822428201,
nfa_30_2.0_1.ba,5,31,,,,,31,31,33,,234,1,1,1,,4767509,12205765,11454273,,234660,,28662207,
nfa_230_2.0_2.ba,ERR
nfa_250_2.0_1.ba,15,251,,,,,251,251,253,,,,,,,30725601,47990737,,,,,78716338,TO
nfa_110_2.0_3.ba,10,111,,,,,111,111,113,,58967,5,5,5,,11547862,21073309,1393576800,,292678672,,1718876643,
nfa_260_2.0_8.ba,16,261,,,,,261,261,263,,,,,,,31229952,49380678,,,,,80610630,TO
nfa_250_2.0_9.ba,15,251,,,,,251,251,253,,,,,,,34001683,45116046,,,,,79117729,TO
nfa_40_2.0_4.ba,6,41,,,,,41,41,43,,530,4,4,4,,6009992,13364394,16518881,,561951,,36455218,
nfa_200_2.0_6.ba,14,201,,,,,201,201,203,,1053961,6,5,5,,22980985,36544083,88902774165,,34689645792,,123651945025,
nfa_270_2.0_4.ba,16,271,,,,,271,271,273,,,,,,,40684426,73050518,,,,,113734944,TO
nfa_30_2.0_5.ba,5,31,,,,,31,31,33,,210,3,3,3,,4464367,11639228,11450738,,325751,,27880084,
nfa_120_2.0_0.ba,10,121,,,,,121,121,123,,90784,4,4,4,,12471739,23218916,2194276263,,377299130,,2607266048,
nfa_250_2.0_0.ba,15,251,,,,,251,251,253,,,,,,,31723422,44808097,,,,,76531519,TO
nfa_70_2.0_9.ba,8,71,,,,,71,71,73,,7243,3,3,3,,8153883,16035514,119854905,,4525346,,148569648,
nfa_90_2.0_0.ba,9,91,,,,,91,91,93,,18688,4,4,4,,9388115,17564328,306350002,,35500865,,368803310,
nfa_80_2.0_1.ba,8,81,,,,,81,81,83,,9813,6,6,6,,8069753,16818875,167357807,,13807472,,206053907,
nfa_180_2.0_4.ba,13,181,,,,,181,181,183,,621947,5,5,5,,18493978,33284431,29000751874,,13600060054,,42652590337,
nfa_100_2.0_8.ba,10,101,,,,,101,101,103,,32414,3,3,3,,11325357,19150998,602358153,,78135845,,710970353,
nfa_80_2.0_6.ba,8,81,,,,,81,81,83,,11501,7,7,7,,8142312,17728675,174878276,,16583325,,217332588,
nfa_220_2.0_8.ba,ERR
nfa_80_2.0_3.ba,8,81,,,,,81,81,83,,10839,3,3,3,,8176292,17231735,168990835,,8968303,,203367165,
nfa_50_2.0_7.ba,7,51,,,,,51,51,53,,1525,1,1,1,,6637840,13550869,30983384,,515190,,51687283,
nfa_20_2.0_8.ba,4,21,,,,,21,21,23,,52,1,1,1,,3668586,10246444,8376902,,201081,,22493013,
nfa_210_2.0_2.ba,14,211,,,,,211,211,213,,1563183,9,9,9,,22532038,37198786,134936043935,,331159935395,,466155710154,
nfa_80_2.0_8.ba,8,81,,,,,81,81,83,,11003,4,4,4,,8970613,17435495,176043664,,11773146,,214222918,
nfa_20_2.0_3.ba,4,21,,,,,21,21,23,,59,4,4,4,,3694105,10774896,8524142,,485051,,23478194,
nfa_160_2.0_8.ba,12,161,,,,,161,161,163,,339530,6,6,6,,15982623,29574283,10844018503,,5396884517,,16286459926,
nfa_130_2.0_6.ba,11,131,,,,,131,131,133,,143203,6,6,6,,13992889,25293176,4800330552,,1179094781,,6018711398,
nfa_170_2.0_9.ba,13,171,,,,,171,171,173,,480202,6,6,6,,17871735,33997759,21755005034,,9490154138,,31297028666,
nfa_280_2.0_0.ba,16,281,,,,,281,281,283,,,,,,,31576967,47525476,,,,,79102443,TO
nfa_300_2.0_4.ba,17,301,,,,,301,301,303,,,,,,,34297310,57507957,,,,,91805267,TO
nfa_270_2.0_0.ba,16,271,,,,,271,271,273,,,,,,,33214586,48012026,,,,,81226612,TO
nfa_290_2.0_3.ba,17,291,,,,,291,291,293,,,,,,,42491122,69936545,,,,,112427667,TO
nfa_210_2.0_1.ba,14,211,,,,,211,211,213,,1538458,8,8,8,,27645762,39317133,187390358817,,117322363253,,304779684965,
nfa_110_2.0_0.ba,10,111,,,,,111,111,113,,59605,5,5,5,,12006336,24638514,1484022073,,248922356,,1769589279,
nfa_170_2.0_4.ba,13,171,,,,,171,171,173,,508092,6,6,6,,17402924,32748506,27835184835,,10506191032,,38391527297,
nfa_120_2.0_6.ba,10,121,,,,,121,121,123,,99347,6,6,6,,11894506,21568879,2391955503,,651358416,,3076777304,
nfa_20_2.0_0.ba,4,21,,,,,21,21,23,,50,3,3,3,,3557855,10305374,7796711,,230970,,21890910,
nfa_160_2.0_3.ba,12,161,,,,,161,161,163,,338184,6,6,6,,15972311,28571219,12138554095,,5127039355,,17310136980,
nfa_140_2.0_1.ba,11,141,,,,,141,141,143,,190335,3,3,3,,13854258,25559094,7005340103,,891441828,,7936195283,
nfa_20_2.0_1.ba,4,21,,,,,21,21,23,,54,1,1,1,,3480175,10186973,7917800,,196940,,21781888,
nfa_250_2.0_7.ba,15,251,,,,,251,251,253,,,,,,,30329616,45621896,,,,,75951512,TO
nfa_110_2.0_8.ba,10,111,,,,,111,111,113,,59610,3,3,3,,11587205,20492757,1374085411,,170383834,,1576549207,
nfa_100_2.0_9.ba,10,101,,,,,101,101,103,,34303,5,5,5,,11149555,19314946,577877651,,113731510,,722073662,
nfa_80_2.0_2.ba,8,81,,,,,81,81,83,,11434,5,5,5,,8464571,17354422,175206750,,13504488,,214530231,
nfa_290_2.0_4.ba,17,291,,,,,291,291,293,,,,,,,33245884,57644716,,,,,90890600,TO
nfa_190_2.0_0.ba,13,191,,,,,191,191,193,,833015,10,10,10,,18758456,35369019,47988633974,,45871188343,,93913949792,
nfa_210_2.0_6.ba,14,211,,,,,211,211,213,,1546500,4,4,4,,23252336,38762841,132267306504,,58187690420,,190517012101,
nfa_50_2.0_9.ba,7,51,,,,,51,51,53,,1246,3,3,3,,6552388,13628637,26786325,,1218912,,48186262,
nfa_110_2.0_4.ba,10,111,,,,,111,111,113,,63343,3,3,3,,11830185,21261898,1406125167,,200035627,,1639252877,
nfa_110_2.0_5.ba,10,111,,,,,111,111,113,,51327,3,3,3,,11074574,20605717,1176347562,,123409339,,1331437192,
nfa_180_2.0_3.ba,13,181,,,,,181,181,183,,596228,5,5,5,,18057004,33600785,27999031604,,12344536483,,40395225876,
nfa_260_2.0_2.ba,16,261,,,,,261,261,263,,,,,,,32672369,51830653,,,,,84503022,TO
nfa_190_2.0_9.ba,13,191,,,,,191,191,193,,790746,11,11,11,,19795327,34437247,65073216611,,50590057891,,115717507076,
nfa_300_2.0_7.ba,17,301,,,,,301,301,303,,,,,,,34638909,57436344,,,,,92075253,TO
nfa_240_2.0_7.ba,15,241,,,,,241,241,243,,3560033,6,,,,31985672,42771493,839131830251,,,,839206587416,TO
nfa_240_2.0_3.ba,ERR
nfa_210_2.0_0.ba,14,211,,,,,211,211,213,,1573597,5,5,5,,25014684,41533196,143867547833,,128249044241,,272183139954,
nfa_230_2.0_8.ba,ERR
nfa_280_2.0_9.ba,16,281,,,,,281,281,283,,,,,,,32080265,47420415,,,,,79500680,TO
nfa_280_2.0_1.ba,16,281,,,,,281,281,283,,,,,,,31654070,47382110,,,,,79036180,TO
nfa_250_2.0_6.ba,15,251,,,,,251,251,253,,,,,,,28982318,45951457,,,,,74933775,TO
nfa_230_2.0_3.ba,ERR
nfa_280_2.0_3.ba,16,281,,,,,281,281,283,,,,,,,33655928,49168001,,,,,82823929,TO
nfa_270_2.0_7.ba,16,271,,,,,271,271,273,,,,,,,30689064,50815893,,,,,81504957,TO
nfa_300_2.0_8.ba,17,301,,,,,301,301,303,,,,,,,34253696,57839888,,,,,92093584,TO
nfa_300_2.0_5.ba,17,301,,,,,301,301,303,,,,,,,33975685,56113074,,,,,90088759,TO
nfa_250_2.0_4.ba,15,251,,,,,251,251,253,,,,,,,30712040,43585107,,,,,74297147,TO
